"wallet","balance"
"AVnGmaipfCn3PR6rtzA68RB5K8HkKVd27HVqPYxqXETx","19036072"
"7cEY8422e4658qYzNsQtCs51tH73heaF6fpY2TKQqa4g","2742094036"
"6t9bGea4zZBHCwmoQRTgvjb9TfZea9NcF17i66pGqKUS","268650212"
"8nkVn9BJ1ErpsuhBaLSk6tmCRq8iK4FHVV545khxDJ6x","8980622"
"BE1jMj24yptjV4PyZpYVQxxWxyWEbDyJtYAsv5u3qAHx","46887892"
"2N7YSUs49J42f4GNw48j13a7zrPyTeYySeKm5c3M8dMn","1588616028"
"8CoRRJMnnRbc7ZRjddEen6tPRb7bZGdWetSHUqjkPTch","13438861"
"HhbZodSXvDP6svvnLiRCCS3X9XLUX4hk1gcFnJyWU8LV","15797783"
"9BMoyDuhMUiK4Qk4pFnSUFWZPjbRQndXmtMdtAtNT6bB","20313455"
"42cFXkbtF1eVLND8wWF2r4AG5dRjv5iq3F23J8T4FEPK","6137"
"5jNaxcSJTRrEYCBWyh5aG7gVwDUXHWdLDCfxEjYgXNJj","43432759"
"DfWPhH3mZTWsaD7UHuwNB9TVrZ21LP2Jsc4oYv1QE5An","8491826"
"D4avhNBLQGMmUaGhRq5k1YKUVbTYv2JhYqmRLcbDSWWR","4542774"
"DCHdjBgbvsVuPzQ2pSctkDqqFDL9fN3eH3NzxVQELxcN","56152807"
"4zrQ6gEvfghAERbX4BxCWiARdcZvT192QPSNEJvZXRrw","944167995"
"8aGdNtTigDdXysmpiaLdej68dcFWcjpza1CW6ir4kWYN","13087059"
"DbWNqo5J2BxkGMXymTVAdMxnntK2ZveLrZmTvssJCp5x","4583198"
"63Gzrw97Rg3pp4Y4vVUDBiYUvDFW5PQ5PhynBzBRGSJ3","648550069"
"6ZExY1sC3M8TUyXEahWqzt3zrjt9WzQMNRbW544whGAW","36906025"
"3sZptkNJawqXBACHxJJ9sgR1332Eqg6MwLSvuR9ZTEA7","9068089"
"6wUGUskF54PfFWRXGDEazASqLPFLCiomePuY3rh17G1K","7259917431"
"5XLiouhXPZaSBtKgqjhsaj4M6MN12VCnFrnd4DDhGiSm","9874197"
"A8NKwsB2tcQJJJqcUTfeCYW1J36hTCAh5k8XK9eLr11U","5929"
"2aBA6g1jEAVjpHeEG4ypEvCyKwUKc6bj74kg7S8geWDe","16107030"
"4SfVpUqpnz1SGALpbyMXNbhCLDNH5UuRGRzJczkLDG4t","15806581"
"9cD8CUWaagtjfwDiVSxeLaNBzPFiVN2WxePVd7DxUwyM","4414109"
"7sMN8xJsySrFDNgvKcTYYwsUDuTHVPgqGhqe8XphdSPk","1359630489"
"9EyT64fceX5rVZrYeQEqqJ7RrwGZar1uQSqGhapQpKM3","145352320"
"WuknnM6AD1Hpxi2ERFhBGD3VwV69V9YfqUqoK5VNnAx","53694473"
"5YXGPye1gu9upGM7AiCgmc77US5NhXkXFofT8jMB28Dg","283847897"
"G33Zpr4P4oY4PyhLC64zQrtZ7AHPcMHCagJozkEhEqR","3117750"
"7MWDsjKGXgnKqDWzw6E8qXEYpnfVRVc7zpQXw3mFGjQY","8709505"
"CPYcBRZkvztqb4Jj4ccRuA4A9xwxoLBhg86czLAbwakg","62499727"
"3kFaR4aJy25L1fw5BMkQqc3Dwj7KSw4chhTbbCpvBmr1","4462104"
"Fi93YMMPT9J5VAzC7kjzdWqyVRR7NyX6NVSw1UQWthJj","2035258839"
"BMJyc2GqQya7f5vo5aDcv8k83kKgejWEBwbybRibPp5z","10367916229"
"Hzg7yYoLL6nUZnDe1aGHCuMJwmAtq1TbqHe5LG43iCaK","317657314"
"FLxgj2K7ZexgthVcgrConV14FYqzS5XkX818HXJ1bxXz","4651349"
"A7VAUDNm3jDgGBUgheXEEPr22LCxfAzFxQEix4mAihNu","325029743"
"Ba6mGkRCa1MngfkGjre5saKyG9AYcaXwHfjGdMWZf35c","12346573"
"BobWGweEif3DVq3z7gbNvbhhrCfVcLab1Xqn6vMgtSLG","4589590"
"CURsaAmMkwWMrMNoVsWEfjV3hZT39VeHTnbkb5MMYcci","6964102"
"42cpM4CjizNE5zzLB9e93XTPfYNZZBatcXQ6dh8Vq6kv","34706490"
"8Yjy7sGuKW7qDRHnnLPETPfH637PZas6Q59JoBwN3wAp","404919145"
"F6po8qJwZimHszQZrVzSK9cKjt2p67ikQxLycWSYsTyi","4646354"
"99ij79VcuuLV8WQsH7FPrdXe4BPJdutkXVjK6jGVnHeo","33729081"
"34Tx99uNV7iyKcixAWzfR2nb3x4evF3hYXQ2vwfRL31H","9195084"
"FHXyLh59nSFedpTaD5bZyaA1hbuDi3MKHg9xShAvzbs5","56078"
"ELEPu5DpDjTKSPZjSNh7EmDVgnFjtEKfaXzAMyRQ4y5V","15510335"
"DJf6UrMSwCtx3JYADbW5fPaAnt7m9e7XvAmNCjrp59gF","15983176"
"89Rs4SdBWfFqf1t9tvGKWdcFcRnRHEAn8NCQnqPPSqfS","89016115"
"2ypq4x3f5Xt6eoSLsecioLukK7FPWiXvQ1VbwCg44yEs","4491042"
"7RnbvQxydeZgZPeFvXznR9VzDeAQDwUR2aWug1Xbz2dx","96061"
"2Cb2wzmhB1Q5L5VXXx85L9C7o646rJeA4ZaDrqSuenHN","536337713"
"DYeS46h5xDJoP4xrv75DeNqbhHXLUEo98DYCUksuQJMZ","4502052"
"FCFVcieauosGaJdkMSwzRbvRtvi5rwvkA6ydZCWdv1Ej","4513491"
"Ds1KzHyMFtU6JJdwetCfEXYHTzjNrEUFP6kJLLXswjBZ","1917980594"
"CMVB1VL1sNeg1dJBcnBFZQnvj2ceWWiFG5uLT3vGzBgu","8575168"
"9MV13thyH9kqwFLaawavFEMiWi7UWvvacHLyoBtJwjBc","4570114"
"AYCinTYHmNX3pHYv4beXBz8pxYqmeCH8Gx7d3SS9rJYX","4538322"
"3eWS9yKSa8DB6Tw8mwTu5uECTS8fxBvxsDVjcZauSeP3","3479"
"VL9EpCggaVww9YngFkeHPS3CKbbv7ZaejMkkPSuiUAs","71330828"
"9CwAbrKfM5AaStSg98EJoMvSrWmiE34wJHpH1pqVi6TC","91188545"
"3ipyEor8JTyjUhpCDNKR7nHi8DWj85YsYbezWAKNzr7s","4522563"
"48fNHga7DuMTUG1cdzipBbSYsjTf3LL2HHnwXDSwfr14","4623982"
"DUQ9mPNG1AMtdqdMdFJkAkZUk4makPW5MvQgsGaLTGhM","41527644"
"EXQRUQFhAcMq8j6jJqJag7jSNRvLCkXjgTe8KAX3htCE","5"
"JBoaeiiRUNh3xHH6kB58meH6DEoVEyEP6Guq95Lv7kMn","4437867"
"5cUxCvPsM6g352o5Ve4QdMmPRiPhN5b4SXybEQsyz2Km","134384445"
"2eow4DRLpNfqGZtZPkip1Me9f1nMy72FYVpDcTdNJems","3192"
"3jgHRmqL5GskqUsR9sRZCf1wrbacXi4QCZsVfeddR93s","90808902"
"3oh4kxANd9pD2Mcxw32iksEJNChgUaybAf4d78Kd7Gok","91058114"
"3i3AJKfi2T5dKP4HDWjKC8o4qHnAVrmz4YvjudpfYGoe","4633245"
"GD98p6tDYFzETZ6weZdRcifwQQaLMmbGArWSyFqaYw6s","9479337"
"7h3gG6kp3bDkEQrkL1rWvFbrqdUSxfpQmDdibT44yNRq","187404051"
"EEfi4zDEY9PKS48H7dqo7mCKnmwuPGKeHm45kmQBLk4R","15922417"
"HgUDhE9g1FF68SXxcxxxeiE3KgJGcKKAUzVwojUZfcC1","4499041"
"799HUbos2fEqTSeARZcZ1wE4nwdc4xyEuEourTDP9TAk","13845277"
"AivEGxSCgXVFt9UhUZKhZYQwqnHEzcUm7GK1LY2V4VXi","4574293"
"8xhLBaqwnuNJ6gQUDrStyoKc14yGSoDrmVYqbDFVjNSF","2751"
"5VkxTXj28Q215vTgw3pJB8XWCW74gNkUvoJ94SgduC9G","79399343"
"E7vXHK9ghyuKQ5CjaYP1SuRhB9rNfCRmWMgTnYUqDhFH","9257429"
"Bq373HejDTQBUe1p7ZtgRKAHZov2cci4DvntEdmzNErB","104595873"
"3ebtNeLtTPtrXwFhbGmVG37JEUZGMEqAhguwDjDka14w","181650754"
"F7EuiZwNWhEafU4QUdcz79uvhh9s6d3fvUbD6Enk6JBr","4653090"
"6JaffrgS6SCWpEZow2aDKqXRVWeCY5ycQDfxg2d93ZMk","459727968"
"51tXKvXxt5Tc35Len9e7dB6qaTTe3F31o9fc8q9Fhcid","2898170803"
"4e1j9Ha6RFXXPcxVSXSphRtG1U49zCLwNe6rZvc7HEJ9","4627388"
"Am6KsdBiDHuD1LNjvmiKzZ5ruccrqQe1vGZxdf5KEmzH","44578723"
"Cny1meaXHyaSDPmWxuTejUQBKNQHEd2worW4tHJgi8ga","69793114"
"6W4xjGGe39VACqJCEatLCfZiKiBRuf1UZPLRmHe58ZjN","4515721"
"ES5iMDNC4RuPH1V1mqDs7sBTp8x8hJsjyBVS2vkDsfyv","13762138"
"8g9Ak56UBYPC9mES6we13m3sQZV68SnonT9Q4fpWi9Gm","13559818"
"9o1cBMuLeCtKUdUBnvz3zMHM5WyTnZnmbDiRV3mrThis","13628311"
"5SojCftfkbjweB3Cr5WaKmgwbRDpGEMtmLdZoMi3UoMh","488339844"
"B4K57hyh6Qr3j9KccLw96M2AHtUAXnkbQMgAZw5uyXxf","4473199"
"14ZviHpKbkobACv4mku1n3Vu2EjBUXiDopWEiYkFdo4k","13424240"
"2f3CvyN37z1GkktUDp6McttJyoUihPyTA11U5RWuYjRW","2080395597"
"BB9W7HhRLGCcR2Lf9BwzFtYMhRTNFRxKPcTnspGs6We7","9038856545"
"FXK6bytADEbQjE7XYRxJHyf8vtBpSEmjaTctP3yfTvVt","8097602"
"2E5w5tVrSUU5U388TnVgmYMkErwCEu1gMXV3HvxAoYyD","1996523013"
"GWmWM6qveKFz8DgQp4vZUj4fPrV1hEKzj3g1HhcxjCb4","62384380"
"7o9vSKxSZn2ZdcKqEYLSXZc2RrMitCPHa1fSvKQM4rWk","13779394"
"8fJ1uyaomiuvaKEx4bTqC6uWy3dzGq2GX9G4jSoTgzb","4579275"
"DVrT8AdKUaP47CFNqd24NyogGBxvKGvexT9sctAJNJP","4502616"
"sepV5aSnjHea6kVSTQE7p2RyCLCeXh11WnqxXXDfvV3","13264285"
"9AcqzHyuUT878Y9gEAVfkJkoZjDcQfJ1n6YbftbjgzUj","42"
"9fS95mBhCmioF5NBrAUhWYmRsruoQ4cHGNWLRmqPg8SM","27362610"
"8VBEhuVJSpKkY3t3ipiEcXSWhm7iptMPYzsLzr87WqQN","4592861"
"E2fCBGL83A9zqaG3xxhfZqndhKHXUCyTMZAVBtaL2Thw","116307558"
"8QJ8Y8MFXzPPjnV8hGyhM3sCGFQaS7kxfzqTEsiBWCGJ","51706"
"6eFDdaAFY7fhCrLkR1tr4RQw6gBnKo5ML78oEUjLHsCD","65316999"
"Dsryq6LAyGSvNtTPnaPVFys96jv2JiEzWAFg2iTYCkhc","4574975"
"8z47ZTsUN288Y4FecKPQ16kH351YdRZ2j9uf61FSuwvS","1216367006"
"5DDJA9yXesXreaEbz9pA7dggSqk8hxLLuy1fGHbyWWjc","4329"
"TSPW2M5gy7BfQWb7PkyZp8hWfx4uqaMNp9ix2SiHMvG","4581977"
"6gvX9H2truF5JjMsCVRBqSydnJHoGGPuma7ug2f86eJi","2643"
"ABThRHJYc8PcpS8pmyBPGqUNTSzTMtfvpku4AmCrxGGj","74761511"
"62pAn4zDd6ChY7M7oUzQa88qbCFhv9sA4Tic5NrSP2dR","25055262"
"CtQWAcGd4nuDsixYMGpzrQoxEHt1D55FcZZqySiE28pD","1831435698"
"Fyrv72cFubaqaQxsHKiJrkabTL9fAbTuK8rpQ64Aq2yQ","274466404"
"ERf8TvqcrXcKcfBnr47uBT3SLYECnUM1yEQ3kunCLCmu","4626306"
"4dpjxnRqtvft3cyUmkCw5nRWbmbeP8wirjBsK9CxWaX7","9604177"
"Hp1gG8ts5S2G5K95k8EjxFzN1GhwhjTtZKnQspsGUzgF","5594853"
"6HouCw2vVvEGcXyoamg1hHSSxUf35RTzkPHyreBvzwEq","8909376"
"5cpeh3RFtYVzCsfUChPgg7vUsbikZzozXyYLBHqy2g5y","4498519"
"HroQrv4q7MxuyY5KFe7rH31Bo8MCv7X2oDG6Vy6k37ZJ","38430"
"EYVBPZMnnUdR9dBUzthPoFwav77UebxMC4c4KRmof5YV","107123878"
"AvywsRqQ4Bk3owF7hd2SNAfPLF21DuDDwkf8RXJAFuht","326525590"
"21NFRKPimGbRHMP9FzFB6i3PATNqxxWmHZMAQW565gmp","8940263"
"Btf1Bv3BTaU4Jt9LZjAswCCuzScB2z3EYK2iKQnhCG3z","13582789"
"5RBEJLxpTnaGFvRjFEB7wCEzfdTVDQNzQkMa8xCTq4s4","9197434"
"EH7skBruvHcPyT6kZkJTjb2CYCLmc7tyHnFWAD4qP27k","9308173"
"4tvN4eQwZtsiKRkTBo6Y8KbnazgxxronrsrNn5StPyMR","6257568"
"JC4WynoMLSUBGhy1H554AyesVzQpejA2gtgxC6t7sh6V","4515536"
"2RuqUnWHNtejKfL7kHq67TMx2MNYHUiFj9kxYWkrcnVF","13745295"
"12ufHPq6p481DHzfdUZcD44Niv6DZZDruHzTg4SAnycb","4619176"
"AjzpWxoLZgYpMh2oYypxK9354CowLZ2MJPthazCVYVWv","234957397"
"HD9iZAQKKD7qfS8xKxt96S1N3zcyRqwjpapo86HZj8ip","9132341"
"BfqKEBDGmqwuVyF8DLZ6pPLUpNQ8FXixaQY6QqxScyHF","9007584"
"ECHgdZU9aEDTuTzUTfc3hQiTyoX6ZW5X2uLrn6aYRyhx","24486035"
"FmSxjYCyK9FRYskMzmhCj7T1XaNHRSQkKD4hr8o8sit5","13675102"
"HgUjNXXyoGiwWddXiWrUduVYXv1JEXNeTQAGxmqqYfKs","132481293"
"o1wWQcnEQvaHLTvNg9xU4zz78P4haLvXuh3zVuGbKrb","15821190"
"76EuMv3is2iSfKmZEzeTxts7kqo2pG8Rx2rNEu9jzRHu","158238940"
"QSz4NEsEsvcked8XFaDk6BW858cTVTdw1uWqU19bH7W","9825061"
"Hmh8Qb9a6DWJBBqcuWJpZp18DndjVgW22dCYK2ydrb8Y","13309097"
"4Nv21JiVEqnSkTs3gjaK6Tu2jfTvN5vjFmnVwKurZyqD","13303560"
"B9VXD2RiWpdpQKt8yYzUpArNtWR8jmo9Z8JNssiSbbJx","15760252"
"BAh3ZpEikCKzC3ps16k797Xc6QcbCgWbV1L3bFfDKSa7","88923601"
"8RfV1FuDcJkcso8LFFWooinskDDQjstFrWngSPaGARo3","9219284"
"C5h8chWL66M4MCt5ZJGc2QaNt7uGVEFneaAUMdijGcxu","9160211"
"31CyKFYZCB5QCVLCKbAbpRWtKmwkVGHQprE67S9Y8smD","13464"
"2eDichncHN6vsU97NeY28N5veRvK7mTK5VKAVvYaMtei","348818872"
"C3MuG7zRdABEq1HD1dxHCkrXMVa2qQyntPXSEe6BeF5y","9022374"
"7bUvu4NEcPRgsk7d2boEZPCPKD9ypdMudqQ7Aiv1JDQd","8595083"
"Gyk7VgivMSnTGY9YfRjxiyKRRAjitpVzwVFhfqqmyCqG","4586378"
"HJrH2a8bzgYjPVXpmPYb2Wb4pPAvmk6uxSMqu3XJA5DD","798306382"
"5MYHindsz9DCVpwYWDw4qBHyeGfQkbnT3dZEquzPf3PK","188072182"
"4aqTS9A9CKnUmhZdMGns3zfJZpQLFV6D4jY9xwJhi9pn","8684213"
"Ec1pMSrHEeZPLruhtRcwhPMusuGCoQkLe2JFyKCwRUC3","35176463"
"3c8SszNhz4JhQUpUpitsB6uW6YuZKJCE1CFCibVmpF8a","4483844"
"3EfPfLg4sAb4rceBqd64YcGkBjEm4H6uDCLer8t2Rj6Q","2641916848"
"AwQ7YpTtt7USeSCphffAiZrceAdyPG6PMU35cSiQC9xf","54007467"
"8bbCuZGUxMumoz48UPs7WEiFm97fK11fay2zj8byFj9e","58303940"
"8b9gwTxtbpufqnP7irYsZU1gJGyByk7sDkCreBkgCooY","4656376"
"Pm9BiZJQFTSEQB6g7nSYVTrpx7Q221uyboLrkPKXE8D","26955797"
"5keWGKrcVsPsyjGAk7hgWED8t142Nnu71KwhUVsDKxSx","4341"
"7hLVJNvMFEfuDkqJPcwzzu59x9QSgVSPZE9Kq2f4Uuuc","26598881"
"BehveqDzFoHy2b4RMAAUmW9chACMEzwrt8gYFKcraZq1","6273404"
"Gwopqf2ch5pRkfhDyscj97FJEecaimhESsg1Fs8qcSF8","8546567"
"8r1KBtuUgqs2pE1Yp2KqEK3QHCccAFNpeSZi1FTuoroq","6272824"
"FUGmgUYMcXyGevjwzQ4P9XVdoQMR8VrV4HPFkho3PidY","4471503"
"4bfGdytgrrz9F679s7ir1yraGDAVt1jUmrSv7JxMtzpS","101242506"
"9JipXtoAV7iHR4djmjeM6zDey8S6PQX5VJ57G85DWreo","497967591"
"5zVUMcrTN8M9ZoY1RHohahcRZRNAMQpk3S9qKJBGNbYn","4562054"
"2PSTYir7RZDSamgB1Et2A9fekvruPKkaWWECA4GUpV9j","8805066"
"Gx2xsSQbw4vSK5YfJkgxEAhEv6jsY1D4zi7MjbhcstGX","4451912"
"Guzgu4ZkhJFEr9HbnH4XohRpopjq1NbAFjAfxsvwJ3F5","135537502"
"3jm1rQXDu4bfyz85rv39mSJ9XGyJ9SNotW36fXcJcZzg","4511859"
"2DmgoMog7FNxCtuGefzaY7STeJbQ2CQiuTC7CMM9piMB","29875234"
"D89BLBpBx6Q7Vxe1pX9P6C991D64Yq6r99MvLd5bmJvX","456379407"
"76rPgS8tNvMcg5ZG4uHVKfWBFXk4hLZfjpwXMxD3dTE7","3588326"
"7QD5aXhQyMGnkDngHFQ9A15hJxwXJy3QUgdE2FY4Wk3E","45209171"
"5RW2b8BAMYYdM2f4aR3LDNbqECkDZ6X7LMkiKb3EwtZb","44331577"
"JASKwdo67yEH6QvqVNSKXy4nDu5q4r5oXSBQvemHvdNh","9190079"
"GSDDgSJEfDL3323kPqFqTNLrcsW5QrGYz7cPgMuAsTeC","4588738"
"CxER4P5w6ku45YYEBzyWdkszKqbft2Q2tZniWV1UEz9H","45805388"
"59GsmjUtHJYLae8TBp6vcxGcoLQJte7Cw5dcEd5Nj8MK","13295505"
"FUwRgKQyytqUcTkMyyANKnn6LdV1XGJ5Gc5bUCUTGq2h","911632264"
"6cw9EztUZaHjC3YNkikZ7u5keHK7DS5ZJNZvusmxHqC6","11357599"
"5Ntbv6A27psHo4y9VinhFwTyf41m1SGGwUojLmcf7AdN","4617417"
"CW6DcSfcwREk9QUrZM8kUMKvUH4CwWuQX6DDi8Q8tRXJ","8593002"
"66Mw6uBxkrz4S4BVJsqr4uv5UJp8q8u5J5GstGx1vcey","4606679"
"DMSfGMAE8r9xB6mfb6Nnae4XjnAE2iBCsybnZo2mxmQP","8471076"
"7f4hxBSyitjsmXSs3eU2BG53g7epXubkw3H7im4ubw6D","107046140"
"3csbBknjPPQF7oakCRHGSzrf8WRMo4bzPTMELYXNaCk2","624"
"BY6mZGX7MtEAuDePKRkZEgbtenjPp7XfnBWyMu4gv9we","175921729"
"65jWTPRwH8iB1zbiqh1gaHSzDxNk9yhRh1fsWPUvLG8i","4618381"
"2kk7twNxeRr8Ppu3xA5WBLeaRkS96pWXyLFAtDs4fmrA","39909818"
"2e4JeUW6uxUp59iAXaMHgzwCHcUwf8HK2YKrcBBu5Eur","91283441"
"F4q4jsE1i3gAsdDDWPztw2igtDb3MT7eGe6v7MmabG1X","1001612716"
"6ArwYXTHLSgheDt4wjn42BHP8NG2tFYwP1q353t6gUZX","66904484"
"FMFFum4CsGZVXyMDuvnRNsxsDjFFVGFweuNx1bUMTaFB","6273896"
"2wr4Q1vj1rC63HHi6TGoM9y1LKExhsQbifc2WF1QJmwV","6713823"
"Bb7HbXCSSnnuxiZa5SVbGNE8iiyRF3yK8DzXCWU4MXbw","30751359"
"9hDhCXV7NysjSSLaAH6A88ZvSQY8ERJ28giNuo7QWNFn","4527709"
"5P1T8T2xGAYX8UBKapbB8WsxD2WgD73YHCSQLdJZDdoP","26853847"
"9zFebeRuWkc3894fmUmnvLVsnE7qn7qJvg6gVYMG1wQq","48175560"
"7UhRsNDWbCsV9TRB4ikZYCBP353CSagnVD96PjNGAUV1","9700576"
"53z3bdPW7c4DBn34U1TY1rpg4XRuHNgTV9jJ51Xppt7k","4475609"
"Huqu3eTxQRtWiRHRm45EEcKLYpwbZwN3uQdDxjkWmnQM","4483116"
"JxEy8qpgEiKYxTPdzA3xpKDKrZvKpEJ79nKUa2ZjXif","15702532"
"Ck4sUv1GP9KyH4qyhkBvxhKPaxER4kqAcAv8pH9Aidfp","13470243"
"GAWXj2WMc6fzsahbWEvWoLKVddtSyREahJBN1FMU9MCN","4406192"
"9cbj1Vxn1ashCPAXEFpE2nwp5T6wFo95P1tH3ek4REQb","4499464"
"7aKufK346f7AmGCheDPJvjjumuTSxKJhGsMX1TTF3qtG","4457328"
"DX3n9bc1ZT91JymhiAEwTmNVJybLed4Zrx3iwUVx9EBN","953330029"
"Fqb3mRwGaDvWRKPakXNJdKBUyEeXtsRALj8aCHEzizHV","9110010"
"6VwTUg9nptkpwDTxJNsw6GGtnpH26xzWPguX7c6dS9bi","8844026"
"3SXPXeD1cCEs19q133kTVDYWEg3HgeJm8RgA2LDKn7AS","15616706"
"GmWQejjdMnaMpmTs41Qa44Hu52ZFi12BHN8HvP2ot53d","8994635"
"ghW9gCPje2ADFLf21hzx6nk4idkRSFw7QgdXfAtbfLK","4530617"
"BtXAWtaVQRNJnpAfk7Ny1dYQ9R22mnaAqjS71uVJr93n","359265556"
"CAGtFaUWuj78SFiuidcPnncJjmfShKtQ3jJgtCZugN5j","53211765"
"5x3jZ5PrNAPUciiUMfdJrXFg6yawEVNYv1GGdwUzihRD","5026459"
"5yMn5VcpHn3R7EyC4cuoghWyFVxzyLHxTGQNA5iu3F46","4505514"
"ADVEhCPxVoRTAdAfWnKWmdVEaw9mJzS22SGLXYiTu3z6","6"
"FLoNTvgapVn7mHDTL5wMBCzNqix7GLpsPGtdWLWonGrc","4284891"
"HtXTnsV5LwZJUeCCbVU5RDHywfzRxLcPy9uQLQknjWoa","4445567"
"Efg6mBA8jSY6WMvoaC35xL8RW3rm96sN3hpYvrT1hJo3","4547615"
"7DLrnZbcpczRc7dsUBMJCLjDEKnpFSBciwyqX9hanGs3","133114226"
"2JTrJ3FP5CRJFQWKu97N7XByG7MQyhJsWYybgL7zzexj","26520415"
"Dnwg6ED52C9BXHwQZ68B9ZeVuXAWfiWjEPX5zfhHw77r","8904625"
"CkAp7crL5vcouCQbWUpwRMp6eEiJXGxm46co931cWrjW","96375534"
"3p5JjdEmMkp8cAiLrqBkAUvhKLAh3YyUjBQ6B4HKXhXc","46994690"
"2gbSrvgdoC5pSwpLLZo77oyUYCn5VphNV972pz1RrsNS","9605725"
"33eUmLzU4WS6MssaNdAA9GVHoE867VVWqiBgUvbG3YjY","4616674"
"AXequoqMN1iSWHe84wZCVxtSxmnYBmrRJLPUjvRmdG5P","5645542"
"H4fDTwViXu3NzzuzhdYPtuHTsvY9TLB27bYUpXThboUw","4466751"
"AGBB7wuTSLC6NcLXHwmxdokWzSXxb2RhUteKBYWfdyVn","2294773094"
"5iY3Rg3p4Nk4XzBFr7MDcYf4XJbuBdTWjMTLDzC88dh2","8559593"
"ERcWoyxS8AZKHYt4HUcKrN3aQVKUso6m71crEEsngc7K","727"
"E4pruvchYMtPAMp8WEhyrRKp8ryGP6c424EpLvQ2Tcfm","8596979"
"B9r7umqjEfmXyF6ACK88uEoPvSSwBCLSeN4LAhmAvrMS","13762733"
"AvvaPVKB7S9F8ZJYYUs5b2FeMYXBJCdENy7HjvEygSuY","107338878"
"EQaXWhMPBnfAiXtW5CtzY5JsWypPVmV1r9mvCKNPsRsx","16072595"
"GptfeNQYSgMWkSzZRM1AhPFhY4v8aU5jCAj6Kydr28Lm","4543799"
"FcDDCRr3G9bmvjwu72z6GiGKKSnPWCMieh5qtH3GRarh","234"
"GrFaP9wFXdKTC82DG9XcYfBsgxE2MttZxcgv5hCvnU6R","8799664"
"4hERuCn7y3TyEMX4vpXiR1Pa9xcRQNoZWuS5Gut7nSyL","3136"
"7g8QLhU6x5immoZniB6GGCatNnj48WqEPJq8f5imKfec","8774491"
"6g9icUcXRa3V4EoM1n37qXG8f2N3EKpCma2Lq4swpCc6","278588036"
"FofhHwBKRz2t4BSiXBa7egotaoyJRRT8DTbP4kdFdGz8","27730"
"ENoC2KFkfVXcQVsTT18tQ4emedHMiuEH3aK51YnFcwX9","758653170"
"3NfPPLTDc2PHbqRbDw5N1muduKW7Xx9vXiSm6dKL6NnV","41782135"
"7qJ3inT3voCPCcgj54HJM1ayDED6r1uNzPEyaG2Sx1ux","13282464"
"2WjWL92gUZzmb8giYckRNif2tGtmM6a34sb1kMzkHTp2","4649244"
"AshSH8wTsRX2pVUG8uyacdCxebGrnNW6fsjAQCeWhFde","90292109"
"14poEBtgRVB5b3bdGTtwX38TinVuWwAQdDmUfCPMyV86","4463165"
"Dzw1XwgfXJqaU1GqtwjBKQ5Nb13zBsM43X6UpCGb91yn","15725040"
"BfLW1dQiYzQPhAcJiSQFiY6C6RYttKMV9ppegg2YDMEP","4163091500"
"A7DzMRS6xFvh6ojgGbukvn1EyqhhuWuBUtY7eiaAR82z","4667725"
"CZ2DPmsr4JvqtQdK9WtWBRdCKKTmJ4K9S9dB39EYEPex","4645756"
"6qpbxQNxAoxKpLzUH29kgrRDqsjFLeW1RqpLdGqVz7eX","79855611"
"4L1C1CiByw7TPUpdP8X1wqWiwmHMKm6cxFdVcWPzYJAR","13677703"
"BJBB3YNCcTf2YmTB51tVrw9m5EPWvP28z3DDUafXtPhj","103304402"
"HeSNKvvgUviKzVfTfiuEeYMey3Xsh7kMHBiEmizN36GD","142966081"
"uAJC6nH75xQPe72uohuSSEomfhYzyvkzUQjXrqXqvDH","56075418"
"3o6UMJGwTC4HbpVWaShHNaFet2tnC9n9HD9yDMmQ8dGC","9382831"
"FUDQc9Xf3jnmYyPkPWfi4qh21yimjNdMNVMGccuJxRcn","9351818"
"FD4fVV8fQwPQ4U24xAHo6e1iPWQqCDXK7qzwzgCgthMG","4419107"
"4yM9kd2RGzDYn2Qn8GiJqYdRd4NFq19Di3n9G5vg6gbs","270477"
"4wbDYWMozzdH6PJZF49ZorpPckmBoMD1D3vbdLn3jm39","8890173"
"6Fop8Wbv8zu3J4oH7TJx1tRT5U9T5d45XTbjMSTEybTH","13276989"
"FtzrVyH6UajitL9JfrCEo2HbRtP28BJ9KMA28n3uPKHb","6272824"
"G5b7gLGaXgHx27oeudeP5J2BSby643rPvXL4DQ9Qhwuy","4493074"
"Bk5W6WfjYUcoGuwwTjEDYGt18LKQELLbrggMsE6nxDgE","4495948"
"HkPzk4fNiC4UWBkHdVKr1FAqBFJf1WqwtTcT51PMoYAJ","61781366"
"A3nEgWfXLee2FWLo92sR3FmkPiL5sQjemn6djBQV7GxE","3918958893"
"4GjzCA2UKDuPbosari47rpoSd2smU5yvGHYgxysrWKtg","8095866"
"AGqUnVruTjHEEv4XezKD2Dvs8PuKEwwGSLK3oMAc6t7j","186883417"
"11A7xgKdSvMpFqSdN7fSgo2n8MjVEW59AnyVNK4nt84","330567912"
"JAi4YqBsmr3mwfSrBwXjxQMYVqaBm9YadbQwCtfmvRqd","4472527"
"9jHiHniG8sFBiBUGLmj6FA9HtbKsQufRHMjfHkPSJbN8","19303"
"7RzRvSd4qJc5rN37tkEsePX8qj4NX7dJxrDgfaZrZ1n9","2678"
"FKA3WXv4tpgmSxfDW37AK82R3Xbc3yC1LK4ECBUcRCiR","15758992"
"57uVkFcVTn5TzoEWAKijESEVj1axiXsr7iK5Q3w75myY","32011"
"BW8LMPiVDQHEgWVUL6u5ALj9txQbFnMHVrSFDknga38x","4530260"
"EmtwRmMobjcr33ghtXj6uxkFkURaxJ6dC9kdDez4w4Cs","4437773"
"HK1MQw5ujcg9zmGmx7NbJJEBQfFnFq52SP3XHyuCMioH","4613389"
"6UWBQ7WbkFUPX8fqQcNfsHDk4CXTAgVKcynf2mmjyXvd","4458293"
"zPeHQHBKpLjwdjWDv9SNsq9TRcaRroVz7MjfF5icgr2","65132644"
"7UyJShRRBL9rfatij5w429rHnqpjUddtEce3shz7MHHv","53577709"
"BWzBbHYfKfjockCrAcuizRmM3VLRas3TNmbvdGR1vySJ","1007769111"
"7NKSPdB79u7973UVbeSWuyeShbV9CBoMaQ1UCDR2N4XN","25055097"
"DMA5yqvfQPxCSojQYawxFdBgztdEv5aiRi6cjfDfjzzJ","926558529"
"GFvU1HvN9Zwc5kVc3NKmeL3cUuaN7Gyuz2Fv7r5NQTrm","15930292"
"7hUhgtyB6bWKmMoaBnhPnu5hsGUmKn8jARTfTUkEQ8JF","4546022"
"CmEJHt7nhcXzftRYfXEikkCVpurYocsNRxo7tvTKMuJm","4651350"
"3K7vhnnkbQhhXr8NqRvF46wgn6VT8jYbF6GTeW6q9pFz","4573675"
"5mGqXFubxpmLgWUNz8tFAdXWEGjaUCUHZB79QaWAr4PY","5039"
"1XtC1pjbsZqK17CSqXNe3hYHQ6mcdxNnCLKpTPwvnen","89449061"
"2TEPaFC9eKKuZdTL4mJcgh49vLJmTAgYHiFJHaGP4QP9","89587206"
"sMqqqzSS2Sh28anTtJMjbtw6Acfhy4Nkd6XF9JMTxaG","27201271"
"F4TN8hFneY9vWXE2dYcAXZ4L2AvpCNipiSJ9SmaDKCoQ","38"
"DVYby15MVgW81tskB9r3Bp9vyxdfL2aUAg2rPaJhLDok","6884871"
"7qzfNQC1H6WEgaAVBUGdmeyKgkq8KiEUPyojsCG1CjTa","98439546"
"igWqH5ArDyxjfheo7cfpJ4wVYy1sJ2dAR7PcWqNMtCg","4627833"
"HdpxHdfvrYPivQnfN2iMJf4BcsenFfiJmRKTnVePs2u5","90907705"
"HjYtTgFuSMWCG9abtRMpKvEy7Vczv3CaYSQmkbv5K4G1","588946"
"FSvXTkgpsLKoBe1GyfVvqjsgssRfziBNwTxDrHnnHU5d","6272871"
"B9QrVDGFu6m5j7D2KT7irurkCTKk6TgkfcmSKKdnk2pp","92363000"
"Eudbv5epMrVjGegugyigc9kbLK95zeti356FSQkLU2Qf","635277547"
"CJ75QNFXL6Te3NYXpYhFDWPLdLGtsCwtZeK8xByDF3eZ","2030385"
"ETizSPkiQm4Fe4Ze8i8pUMvT9pFxCYeg1prWp9D7zfYT","29403718"
"5Fb7R8YaXoDgcq5wkFjNUBA3QYUk8RaghAZTFM5KQ4Am","4513254"
"FbTAmS1ddmCraAfpfKBdv3Q93g5rpMrxoV99fS7FsprL","355563857"
"5HTwsHJosUMc7ZiYVU8pThBX4fDfmoHy8TwxnR8Kt4zs","8544107821"
"AN9Jdjh7EL25LLXjLU67aXLe2LSsH6FWTxsZYhRLWUVG","14072399"
"FNFR1jMidwyv8qxF6DVaZisntbEWdn4viKH9PhXiP9dM","8780520"
"47Wx6mnnuEGAVqEpz3Sxp1mRsQc72faBg2BxTH8fKoAS","31261275"
"38EXzMrswa74wV9pv5NebjHTDHT7DnKmk4jxLghFbHj9","216477619"
"A24Gk7m96kiWiB8Vrp52MbCDD3JXqppmb9CXAjsCzgP","8956600"
"ESedLMmRdPuR2wyFSHiBvqk6GcPqeJCpEHHNpaJyHzZo","141397439"
"FdTHxc2s2q5cdQXxkwgRKWWB38djtgEpUB5RNKsWGma4","4553361"
"7zF9zHTrpxkNtJ6wGAihzkSoYhqkYojBh7K5CH7EhPm6","4462569"
"AQZC1ctW9woxRmcPTmM4ekgkhTxyR7xCmm54495ABeff","4616617"
"B9SNr12STDyf6gzjy8c81XCjLe4vz1hZqmJnTdj14vD4","13631998"
"3Fr7sE29JAzQFaSHjaRcKX6q8wP1jk5gjwio6Rg5d9cc","8668014"
"937jnhFfts8Xr8YpTsEYWas89uY5s6F7UzzSzHjRqSQq","6335555"
"44EjYNziCxvRrEycc41WwWGTeWLbaHY5QjdjWdLbMzit","4382269"
"9MoRr983ju6S1nUHTX891H8t4F2c9DUAtZ6yqtjV8adB","15845332"
"F9SwuiRn1688N6TgkcjZYuX6GmXx1SfLBVB5JQjqKPrS","3"
"6YktMmvQN1bJzkYzYnSzXXMXZTsd82G8Tr1q3YeEiHe6","522215317"
"3a3mv6AFu3HFZ59QTP58xPfNFKgLDkiEC8UnTi84QkS4","98272212"
"AhdidZgBnwk1hXFQSNRXFyy1hAJ4GFuKEZe9vmYV54xZ","25638132"
"FhSvcV75VzgoCKj5GMeyDG1f6GxBSoHEg41f2gW8DTF4","16045966"
"GHyNGrK4rGyNmPi4VrwsLHUyUEe9TfeCmuZF179Kw9Lg","33281245"
"BH7VbfuEKyaw92cxTbqBfXdxoGPxc56TzogUJkykRZ4m","30380443"
"BNJpG85b7jjvJz4yQmkGQ8AzHc6yT6DixHH8ZJxZZcZe","8743296"
"evb1fS9cSPTrQRg7arUrrAnrG61xpq4MMyTkye8hAWK","9346825"
"9JhUGKR3L37SErvtbpsELKinRdBDKyPoKtJJ1ZN2PsAD","13616799"
"3GnvQ7nQnKUxjhVghAm4WeagUztzD2fCpbN8hfkw1wDG","47227662"
"2iqf1Q899yJ6DV2QHzjxmbtbiTabWGNyEuBRy8HJm8Ec","4461932"
"EkFdifaX88oJTSDxHtLnEdKbeue2eTFud9pgBV9VU5oj","4653212"
"F4hunBQiwbe8B3xmFMEQTtjMunTcXaoXpRBvsKb4QvAW","13226364"
"9JNT8saR1VC2UkhaCTaqWZqsqV7468rsWfs9aXyL6Q8t","12546"
"4mnKr3YpwhhXJKmbZ4NtKCBTagp8jgeWg9Mx8jfLzofF","8898774"
"5JmdcqHMm3YqXxVBssf7JuWyDgQ6sthdZkYu5yv8smzD","94821978"
"AKQ2c4XBywUiwzSUhaJedHFncXRCiDcfGTnyd6J1FCFH","5005951"
"2zzTNQapBrT4mcAHGe8pfnaTPrx1Kj4FAnbFi6Azvs45","11511333"
"ApWe3CUjogYwexFG7uJAXgDe4e37gx2nBYnEm9NTzNDJ","158445390"
"FZKgRQo7s7vAEGWw62tUYvgGiM3j6TpsTb9VGjmK7YN4","3537"
"FcgBoTZ4R4pCo51DLXP5aABRccoPea8HHV44zFKf4spa","88416408"
"E4AjE1YwaaUoDtPmjiKQryvaAhTZnQ67MrVXXXmY9rUL","148446526"
"DNzP3PUXa1cckKGnPzf8jNGRWuGrAsU1sMpVP4SUbCXa","4655019"
"463wpoLPFyp8ofafLeKSjkzcSDN3kVY31qTmXKtAdbkx","89315378"
"D3qtNEJpeBosjdLhFREucoGti5H3ZjvbG66FynT92st2","1202421942"
"BB6fpdkrGdvf4jU4FtGK46A2JTttRqQ4Bp783iAse6vg","200000232"
"XGxeLFMsNprZJDwvEZUA3LdQr4tEn77vM3PxrLbT4XG","4479253"
"GnDaRxEYvG353vQ2g5tW359B9uGAEvPFeV6EM8kgGNJs","4494899"
"9TtinjGzraQNTPaaxTugEPbTR69GNfxoyUqqzSeiJtgV","7638"
"8vzbAggu82k7BQQS4pNN53R1U56cv5gEjRKthZqQoith","53511277"
"3rPTFrGTLHuaZFnzMaqYmMwwF8rfW7r7536kz8ESXJQP","625692205"
"8G4xtUcXTxtssfaZCyLXPqbyGLjRSdiCKV8fQPkGQiXM","8820175"
"CPqXu8Q6f7Zj878B2Em95LK3S47zhqX61NJuHxoTtmPD","4546022"
"z3A3LxAVTpiq43E4HSKbtHrioE3GPUQqS997vXkbKLW","4644795"
"5Pa2EL7rTABs9TCHEdVcDNHaNRdggko9S9x2L72U9C6p","73466761"
"2qt2SKzLGTmTwgjUuPjxqFB3Zkt95HQTnBo2fCdCxxfa","489400593"
"2uD5ND4wKmJPBwVLEVDfo4ktGCiqyGuTS9VqQGFN6sxq","942282"
"5tbCRS3BNq2shs2tDFAonX3YJFqEGvz1E1BUtNzZW89q","4480641"
"2CZnJucHpDy7utuNivyecknm5EfuUAmmztyKcHKGBxUT","2129987372"
"Gocoa8DCeLbio5X6yBT6atFpTpYUr5BYqZKQFM1g5EiC","133984707"
"DjgWQx2FMzJyMd6ZVpP5bhYMsqnSTqs6aHHMCxdvCMrm","13662466"
"Fn2Jv4zV99m6zFA1mCzUTxgTh5JLFHeFJJyB5PMh8Kpb","173463682"
"E3VE6woBfwgBEqt6WbRn5JsBXKdUJ7eE4uv1ewGGPeZ2","4504580"
"8NNXwfirNCdcopcGiYs8mJypLh5SJH2NiT3uMF59De98","239625"
"CFsxktRnThmu2smjeR6hgfGfWZW3ibGUWN1XjEJi3sCc","4544109"
"7x7whd1j19a5W2M7cgaQrCLp4i7oepiDYKSKMBwcXok9","8775892"
"BRFWPgHLaXJpKe1NHcs8c3DP7SVrgqrxGzpm3vVPT5sN","4656718"
"HbySqpdtTNSiN1a4QL2R28Ha8boSdmQh4PDEFQ4tP7rr","2826323537"
"8QUHLrVHpaG7hzgWVGJAaBfJS4PKEu9Z3bkWkA3xwwA4","89494217"
"HX6EwMBZdpZZFc8pgxYFgjYeYNa1RvCer8oeHqbDWuzL","13546558"
"HVKSjiUWjpcK5vaq3c1YvUNN3PBX5NT2HqDAEERG5S2G","4615488"
"5Hx7Y5JF5bLFM3oeZYPUfvSPHtBs5P8zaXJJLsa4e4fd","17807553"
"4MFDr4eRVsRFLiEvEFNTJHvXc3FrDHmDYhzNRvS9wPzg","4482140"
"8KX2FRawxABhdcXJKSrdjp8iHmhDUvgkZHKUpoKwGiNb","1714223799"
"FDFVrVudvYyqu8rZynrLnJb5RC5TifmwePKtKAZKeY7X","8720900"
"HzidfPcruk83TwzExbUKbNKVJ66i5puvzK5MUNSqffji","853738"
"E6K3EJQgNAtwv7reKFz6Gakrwi6CFv966sQjDb2W1M3L","9088929"
"6JHNuP8ESbkaL9QwvQ235p3HNsHhrVTZhbxNKzz3Dked","97050826"
"CiuWVjVEyDuscVA3eoDT9LZWFJ9GH6rWPPCpLmCLyqFc","181024187"
"6C5eczBp7gmtwMo681KrMndaM6PZYf1Qzjj5Fvr5zgKk","13252764"
"81UjJozxdnY2iwzoDEH2G2PNkkP3eDmG7SyLSZdafDVn","18171374"
"FTEoJCQAK5zASMpKdoYsq1tgi9JtAdSXj8DDzCL6nB7r","28239644"
"Cm1MaiCXKsqxqeBbdkbwkP27bFtJ4k7wA4i9yBWCCevh","16241508"
"TivBWQKsRi62c5w5mXXYQ4Q6tGzKCiCMKxJRhVVRVqW","2302412"
"2XCDEpjQQRGdM75VNBdnuq2DwCA5j6BuxMTXjkWa5K7P","13097616"
"BXSMEzoXHpeeyroyApmwBewPqHUmtWJVFpZTtWxVnoEE","4419302"
"3Lukg5GMRV3KHk5agAGhBTvK5tC2FsNpgHtUox9EAiii","15653393"
"CSpDxrZCLetT1SM9j44kAyc8GYf1vYdXZ8DMH32KivNM","4527563"
"AuH5Y1U89W3im14oZ2yTe2YSEG5kZMXeoJ14dpMvXjWF","8851719"
"GjzGB2RPc7SVknBY5qo2z8sRJMnyaU4xhfzzeTERSJdt","13577957"
"4pPA5gEEpTX6zYNfXMxDWV5fDwpPoLXCsi9eeMo1odfB","4475691"
"C3FATj3WqfTeE7FWdJVnERtQYvox9x4joUmfapBWseps","4631027"
"5BZtf45wdfu3nm4t7ZBRKPEFYiSRT4de9pTrXY3U4hJs","127184415"
"ALQnhmH2GQHmMJSKYgGfJJrqRBmkDYmcHhxS4jRD1wBF","15605465"
"4NReJD3YLXRybjF9gakuMfTuSvR3xhAMsLRD14GicUdy","3816"
"FDFe97XpTWqwvqF38dV5TraR3KKH9M67he85w7H2ucWm","54440186"
"95pyjM8jtDzGNx8eq8k3dsx1DZ7JR6jdLMgHa2BKTC5","2447578081"
"3FoGhzajHeWUSvsH7rqaJPdGbPs8N2Fc6D9D6xkvAhAJ","79501"
"5xQXGUiGhGGMqdCy5kHR8yT6K8mKETUNtiCuWK6X6sx","452508496"
"HxkdHjLuSgHxmaJg3C7LAX6gZX6Jkm31jvUqzWGDk6yB","1002470111"
"ApxnqKbRQWfSV4KAC3ixXtgVtxysaE7DdRsYqMREZzfM","81718588"
"9gsv8BMqwf2L1HNnGAr2gmwkAXviLhbXf6Y2xy57wfwB","4476573"
"6tZX1rRd2xUGH9QzBffrUdu1xUXDpGP9aSDCjedThwwj","4676419"
"6kohUWiNPVKK6vWgvFaBrjrKh8qBPNyMigzntA9fWzwZ","13721253"
"6VvRjZqaTryuRcWUMgmE6xtGtY3ugUVxMRGJpDwd3TME","14733544"
"4jC45G8o8V9cDVo7nqX4LDySoHRe2XuEShp8W63gyhho","35699035"
"qZgoMhFB5PvGrfHvRe9e7MpeAR2skPoKdDrBxQexLa2","16153816"
"4Y2dMYNALA8mrhaNsdNr9FiBZWxGyiGJPHhSbknZb4AU","6272824"
"3ET5XJZWY9cCaa5W6stnh7HwVcmo5PkwqMaCYc5RZLu2","30118950"
"2JyurER5ew7GRni64mRdNh25h8rFV8fwofJS2uei6Vtd","25055425"
"2LmyVWWH6arBTmZdYP1KX2nRbRRSgmYJNm9fGzooMNZf","80081639"
"Bzu8hwQ6YKbr63wFRkhCpVQsAfg68RcuTFyxVxti3ZHt","4501707"
"FLMo1eAEMk6HWWrSX6DMcSGkrFuwr9KGzxdTkqvVNLFK","17016133"
"3k2e3RiKHpLHw4CQmCvQj5Z133V4Jxqm7FZVvaAHktsw","4669237"
"BBm4mK9tcH1unH27Y21xcVrTsa91yCugab6APUwgczBg","602106767"
"C96ZwX3LRLEgrwfyHFrycVDNnQPMKmKvpxoRPQ8Pwf3M","4438555"
"2fKci11boM38bv51Af3bjjvVhtwUXFX9emVb8i9sW6br","4541110"
"Axs5sPeHPhk6Vb91ZoC9sdp3HNFvgQ4tUNBQWDztTKdw","303339077"
"F8GmpKQ9iB6uPkva3b9HjHv525EHsr3iGzRXZYZettmt","432860089"
"J4doZFAL1fgoHWCzSFpJc4hWVkWPya8o2yqLPYzvmqEZ","4581445"
"85VXg8wd9nGJrEgEir5RLVhJC7tV9G7QUeZrcpM7tf78","16244768"
"42RGRU9dhnda5rUPsuXHeAUzZYNAV67abvMKPmwQXPuL","16220204"
"3ijQUdgQdUu5wMPJv5GgKz19K6S6ea9y9JJJr6bydV4M","4529764"
"3ne6Bt4avH2yUR89pVyCkfkroy5Kx84p5UWC4t88c1Ku","9178630"
"342h8esTtoPPDWVgvJyP2fhCUDoXDkbLQ5A3cfwFtFtc","4484714"
"8fA7We93RiQa64GMJvduKdGGk5q6SPqhnbiF8VTkmPsa","8873740"
"6HFa6ifwSTtN4HQqtRvogMxZEnWEnhWWjAKnkSLJewJ9","96652082"
"7Nh9yiXbehiEgMyemSrYbjDv9M8rNAJs2dysiDC5qx8c","4543274"
"4knwGYXZ4Wt5k2giiZASqWEB6wi95f8R8Nz2LiwFkGDk","6272824"
"GbyWZka7DMC78TVL346ubz6785Y3WBj2jH9afMV6HJhg","15652509"
"4LQgFPtbBmy4tUxGwWqNsCcGN4QszQ1SLY5pbaYtCzhP","4504341"
"GCRgb1axqEPMz1b758XUhqwX4df5mBUbTxFyfJkeDNFn","38286"
"AGWZYijqfc5ngyvQvVNPvfvMzUdZXkyQyoydYKD2xD6A","8953349"
"D8dd7c8octT8ddD3CefR2JeeHTAnHQDLHKJTNmQUzYtL","329195479"
"J8K1dp2aA2KawapP92bC6DzEFcWDQNbBQeSPyRbTXFQm","6272824"
"46ucUMr23L6HajJR4BubANd46aDi2C4SqfX3Pd8v6jFx","1850673421"
"8EuXchDMxyP8mcD4AypqueqeKciQhJZ1yzyVubwekfe7","55353662"
"2aTa5xrBSS1hgqo8yEjkYoGWykuLioSMpyTC6c4MRraq","427589728"
"FjHdbhaeN5npggeupFBErzHNxMP6Mk3uGH5TL83bjskZ","9289410"
"4iUcfcx8cMKbNyqyLw9Aszte92ZzqepzW6qUgX1EXYes","8823907"
"FNrPkk8bUx8rpoyUdhN2rHFL5bNGpc7xvBeXpfn9Pgar","54492868"
"R8tZgNsQ5D6aDwRZXutmdsMC9fdVR7sEcYXXBCmBwks","33520929"
"8Fu6YqLamhqke5UaCEz9zEvtM91YfhkGeL3zH2t3SDbn","925943328"
"FxAXgTMprmeCZMjcJuajixzUfDS3fNCjJGsPK59YX2wB","9406817"
"EpRnwWHL6myCUSJJdd7Z6rk8cujkoZHqFqksuAEdu6BV","11736374298"
"GZfFTngnsYdnaWYbqdWmFC35DqPw4few6oMLfMM1cyjb","153064594"
"1drULFtm4SKm3tvDvZ1sREEQXjMZy55u7B6SvFQvm7c","98098424"
"AuwenPz592xVLh419pLcNth7Ykb6pp5ufLcCTAgoZHFs","85534907"
"H8QfnccW7oNj3HsvNz9mCkGKWgAhH8pd5L2ooisSj28U","8587694"
"9dgkrLKTAtF2vjDdMxpb7hwV9yVWMNsLNM7CRPTuCaqh","2849"
"Dc85YcHkAWs62ndssWcGN5V4xYaQzPzgUDiRGtvnZas6","77128926"
"22a8LF57rPdkmhEwxC5ohn6LJdHdVbv6eEZVtxHEw1vL","415528194"
"H7ZKWJjZgyQkd75Ygfuatk9CSwdnQ4a7Nkk6Qik5texZ","6937727476"
"8CKQoL8EFk8qSx831GTjF88mVeJpemnfgDKTFYLh9XMz","8432217"
"4xSbBcnxD2tArkReMJAkyKp5VJ4Lin8QmQtAeiUiQeiv","3695829"
"3TmZH1TdAExtwJzThQj2xk9xKzpLssFQRtnafFiqJwDw","25289132"
"d1bGwQG17n5ie7oSPNDmweq2SSgvNh2ZXruN5SFDrGb","4513610"
"Er4BXc4qKqLzjah7P8ENJgNSBUUdVWjQfcBEc8s5wfyA","4500687"
"4Lc4ZPDoNs5wAQphy57nnLWQ5CnY7CSXW92h9VhTCTBU","4447493"
"7pYdxHEkFRFjDJHP6AGaoVXEFBjXjugz5vhQMZ81Avn3","34861776"
"FeFZdRj9mdQdropxf7KFcKKMq2JHeZT9ee2vUzQV35mQ","13357187"
"BdM9HdVz7KPpd23hBw3xnanJdwrp9qk5nufFxaXnZw5E","4049364610"
"Bj3zWqvNdGsKFPzuk6LrY2AVKZZFqA5MQUGs5bcTTwfP","8156206"
"GjqnBfsj3o3sHbkh6BhzdvC9i2MmvJes4QGfijbSgjwc","61714622"
"VRxPBVgyiv1s9hBwBQfYN3o96tQGJ9Gva85NK6Yk372","4472794"
"CixrJpkeEk2aCoaxbRDmsSZM1wRDPBDFddM2stkKpAyD","4546153"
"8SwasHH7HAf19DoyinJuZB97kHbT7coqUqz1oRzCr315","9051602"
"DrRpNfgggAyP4f4UfCaRKEcf671Dh7a1c6aeVdoNbYGq","9081551"
"Niyr6RiJqWVmxsK11ZT6JDpXeGN3ySvacqppPRyH6jU","4466717"
"3BBHu6QqjZc3jSkbAGc9LEweYED8hAkbtUGeZ9Trn7ch","459698952"
"GEEkiYods38QefLuYwnFo5dEiGcE5k2RN3anFy6ycTEb","26085557"
"9BRKNKYmXdwY7C6sQtojKhkL6PGpUYw2q4HVapVBeMSE","15734960822"
"DoG2Ln1PwZvaTnL3H6GMFC2Hoync36BTZjWmT5QvPZ2t","15653307817"
"6hVPzbLVAjCN1SQTK1ea8xExMR2BPV55XMHVYGQtod65","1444004112"
"Ews8efsdyk1QJFFJ9PjaSN1A54AmNJNRKu5wwvieCCxF","31164081016"
"Acw3yJjJYQVsscY9RfEXFANxTL8cGiquJmzjay4ZCVWh","7813192679"
"3MxtkGuVj2W4kRUdxzNdTW7kRCjqsdZqJaHT1YqR2FfW","12298262249"
"8YetFwV8GaMm2qxqGg7xfbJ6GocMAAKHz9M4V4K3MFfk","7084435"
"A3VsXi1NFGkQBp1qc6GbfYbZv4hNF2khu7S3i8mpD2AM","10065808580"
"4ju5foMCMknZiWQrYHjZNnimChCAurmBAejCCJP1C1oh","1049"
"ABuWmWBYEfQ1bXtFyjpDN4MFTWr6q4xfFaU7JFAXqbU9","195014025"
"3fYKnmVM87JAd7J39oXedpoTtRyBYeEXbdMb53hrTpgf","37817048"
"CrKYPUxBe6jy17TWXbkxjjSGBe2mGKnJUzT4DJEHsFNd","2340250"
"B7a5S2qivSYv1yv2FBwJ1RCBW31rB4EHCGv77yqWfEJD","82311558250"
"3jTLnD61D4hoyjwUWjo6KkWECubLBojyFAUW68hAhPro","47561840"
"ChT5LUChCTvDGfX8tXj4mw57PP3UHLcfWPqXV4UPyvSy","47709622"
"38fSXxmZFBWHEQog5GD1YuSGqX5xqFW9JE152bXTnqzJ","35011759431"
"CsBDhpRD78Tryv3hunuSrMLkDHoMDwtu4idbU5mjWiAa","14453443334"
"8VhYbvykCWXZM79LtLzThgnJRL7vnaw7D569QhvzB8QJ","37636944707"
"AxqQqW1gQnXQsDFgkmMUvdVv42QP87MknxJZKnjhG5zu","687244117"
"9FUB68jtMcdpXLNHePN541smuvmbaUFQWcejbrP5SHpX","36691236654"
"A5QUPQ5tfq9hbiBwnkiHLUjRqkQTN8Py2kuzTB3qCSss","5049447603"
"3PtX4UWHedKoejkqwPMSKSF7qfi9NsyF9BBGXT5QeXtD","18135758"
"6LkFkHkTKwCpBW7L2EzYgKojTCVLLHUS8PwYSKQQQAx3","25460035776"
"3LahCXg11PJz5Nw3yRmrB4XcemDTXBXjLw5CnxobqrYh","96631731"
"AuzCUZwYFXUku3tKFpKe2hEapmhywVW3232tqMhRTV5g","12950268242"
"nfpBqahe2ZYMyPh1QK5m4kFTuPBJBM8S1FBZxX5nNFp","23030579727"
"CZ27ZdV2FT2JpLCVeTCnWQEnJdCPXppfLuArLYmXdMrJ","169602611"
"5t58fpe48vyGF9cFsrXZDRtgTiZeDsCNQmq93nCmqs6w","10182"
"7VYaGQN73YftBrjDeeLa3k4nnpMxHaq9qxRGXHpwp1b4","25587505574"
"5T1jjBJxM3YjAygA1No1GRAaRPkeJcYccNX91GTuGGwz","431967"
"ABRNmVtwZmc2FErPc1J55LbVFpc3388bT3DoirCNroRa","2731530882"
"G59BHPTChUjjLcnF7qNDmZGYUapFRLhLAFvsYxQqjN7","284211388"
"J6S6uft5K22jtaTkYhm3NvRm5Gw89gFqWFszXQ99vkEs","73415999"
"F8qf5pGk14vDk4YnLcv8528NA71PoH6pfroxRGX1TCKz","2412074"
"D2vs2sxtep53PM9nokXK7FeFcvRgNPMmrpfhmJQabB6Q","1296114425"
"7MmVoFAxJqzgCqtRFhV7MfH18E1rDSCxFaVPHwqzXJLk","1899572365"
"4JSNS7HkTE6KehDhKENt5Q2Z97djubVF5wsPg6JGSRWT","3822361630"
"2D9ew6XFNRsvBTiKk7Xa2LzYdhwzn6PTfdUxY9SVM9s4","35407641"
"Htb2cqG3wkH7sN3jDMJvYw35CRrGkXUdHWbALsLAtDhi","18313467994"
"GZM1iezDqjbzEKLvhA7JZxAhU6M8uGh3qdKfepPQtViN","260437493"
"9gCXs25qRzWPhbfEdJ6dX2KAKn45ipt8TBbLkXEwnpAe","32742664"
"R3eKyNymCQHTCmLe3FaFJFiQgHcZai35auZnfWT3t26","21528892"
"G5kkLEeWcy4d7Mivx2g5aH14rMK4tryc4EzjzbK2i35J","1287746932"
"HrzUkTWmHqN947fPSMAAB7bePyZugXU1kgmWaU6nSLbc","808816491"
"8P5BkoVeNpvCqLTVD1mhtHvXkVKKfqNpxfc8Bqa5ok8M","260462419"
"5Vqz5EK3dFp47UTJjZWYoP7EQwY32PiX3V6KLZZYSDPS","7358775286"
"HF7xZdt2zjGYawYFFJQcU2NQgBVfpfQGwuDwqQjnX5tn","801135632"
"D3HmgZ2Rr8xbbMxHGPpN5DwmwpMhmfk5tL2erxmcPcVr","260438110"
"GKC6ce1TJVvPMPcXken8dLqhZSbQZsXQ71jYQGw6KQqP","355268934"
"GKQLTBev3jUUkZPuAF24QksffLcS7J3AaPF3hmnEvoTk","3729145522"
"Bsn7wzxbqa7bFkFZsBs86R4YFSUbtJNkbtNnRM1tcwrt","27141548156"
"GzgdDj5hzs1uyJ52qZ5Zf25SEGPvmon7YkBgHSmbZ6ST","1938390349"
"CTumMHQAhUaPhAQKaoMwg9MwEKrrK78sLGEovsom1GXQ","9221438"
"5yjvNnxBF1ncPGjCNYPzqt52QkjVVXM1yG6o34DtA8VA","19265940"
"9wYT1wMa2tau1HLePWhwTr31B5Cn5oMh8E3anJ3b6sVf","385352"
"32LHrEJCiPPqpzgkocWSRxWiRTzZEpmsasYgX3J2rbvw","40146074355"
"E38xeuy1f6zdqmiPpkWZSiVJtLTM26BYR2hnk2BNd56W","1091169789"
"5CvKdQkRctaEjvq5rgudtLjW9vjLzm1WUtd66TQBqcqU","155797"
"GFFrfktuzcvLKLSVDGd8diCVnTrdhbBnsmN2P2snbaTj","299028273"
"4ShnSrFxoZ8vttLz3jC7JnPK5MaQATXPpZYGjHQju1rx","420388694"
"6JXyBFRHcAtt4ZXQLAbJQqN4v9B8pYCKVRMyK7KpWne7","1715005615"
"7b3hjkwAUjpRnUxqFB4FJjJ1YHLHKJinB2izJ6NhYGme","15117754398"
"7vahpEswcdCwsgVnSFboHEvmohvy3bgj4S8UBgSuSTXZ","217673066"
"9sfKuiLNcDAZRjA6aME5SNLR34W3sZ4kRUJn7YVrSezj","3396913186"
"JCWoykTeMSna6FGab1s2oyr2skWhmGpQ9JJsHy86L9kw","260429055"
"Dfj6sgcu23nW9V7smzoUHLqZtQDybjsirQywZosWXszb","1925399335"
"GdZyYnJ4ubrZNMDSEu8iZHnQRrdyKoELa19AnnZ5mHVV","18670849533"
"CVHfGw2hRB5SmsJNZbaSXCnsFwr3gpJuKQ6exrT6umEU","32749903"
"6esT3G8KJrUWBDPNFhqU15yQUGVEx7VnjsbPkdyE6B5","28879042"
"E4RmvbQewPuKfAmT8i97oBG16afNBPpdFGmZsvNG61br","1756"
"2eAznMtC8wmNFQ2yGnKGq47hEbYPB1mthkaZ84FLj34R","242012339"
"BY4DDGhmK8pYBQ5qT7VYSqYeyrhX7BtWUXnhXZkhXaMy","501825929"
"4zf5CK9wdwh4KGsH8r3mbeEPYQVqFCLLsRXja8z2Z5hM","35726576"
"G33NZdANHnd223WHnjjK9BWg5hWGqrkFxHVo9piCwDus","24116201"
"6fn9crvDbzjouqKwLfVtFVWxvTyVET2GvLAMsNbEHkJG","22582167"
"Ajm1uyo9LT3SUXPbiMWUhgFWCGqZVuqHCSSUMHJZDn8z","4361838"
"KtgmvYP84nfgtr4HS1DUqHRfMsoNq1Vcswv64xsdAqw","4358"
"BHvcdFXoRnFAS4ZsnnsNx3btE2ZsifQcsWuisVtgneCE","68693305"
"8k3mBPaERuq9dzDpSyoTkQWKrsj4JjugxEVk9ff9Jifp","386905"
"35LyMghfjTp6hgguc1Db7PHAudziWENDUdbkTpDeBCKU","3564936"
"7hmE4JGn5T1q8gH9svu3nX4koWdgkk9LEh1hqsgoaJrv","1417168862"
"5H1tVq4iNHssZvhzALWavfv7fin2C6uWx51FHfMMBL9n","20872687"
"4bsLjTQYv5az4tMpeXuPbHkmToJZ6mz8Xdt5zJ2Jc7KJ","4097236"
"65mHmWKvFpWxayHjMUoanEuhggJGTcuWaHo3CLXGygjV","253783"
"EmteNrBboZXqGngkoGZ23Tpmr41uDxnjZiW6PoWLSU1W","260459674"
"5J5TsGm36E9WzXLNYBPXKhdxe4tDDd6P7KCoM7zJEkb","284140852"
"Gaxh7aywfbxcT8JaVL7Xqh3k5A97bMJRp7d3FdeXBiL9","260464903"
"6sQX8i6HpesiBxyg8Qvm9DJmvMzyY1d7eMJK579rK64v","381200500"
"Cf8rEvnGgcxpPAhGUvQjsGUrXgNdoWD9ujnvvfpD6R9S","20917216"
"AzfjZJ52LZem2UXyruScAG4Xi6n4NTiV4miai8EhcY3x","2864284840"
"5HPWofFqZTLGghrKFk8j8TLrZnc6d5moyDN8UJyuEyLH","252358954"
"GtegCHJi12MbhbPdT22sdCMaASQvmvfgnbdoY4qLAvqx","1443766"
"Dg5Vp3gerxeXiu4cXiRSj6hDTPtyuZsnn3Pk7WyuS8ik","260525062"
"23HEpR4sZLrBAEHWsANmyihTRcnTUdegkqBHA7x8PVvP","1660946"
"BqcQhF7yAm6HqJxbMBSoRtC97J77uiohqCueKw2BMJUi","16300975"
"A2knDjLshZ1Tq5ddz411GdtnDTEjJmacaxdi5nUKpbsa","32656179"
"98kYYE656Ys5xDfrYg3pkp2dduAagumvUM2otmBwUYPD","32634576"
"F1i2Z8xtbFLjC8KayZTV14XDmQdhKjKPXbHHF1Zfn2hZ","843737"
"dHPAHZF2jtNqdHmyMkfrqEwygeyRpzT9pDhTChZw4wa","1784287"
"J4C5GMCmLnGb3zqFDMRF9TzPG6o1ZQdNmAPaU8m6powa","260527084"
"6woXiCsDVCxG6DhHG22ahjHu6teN4NEzjhYmvNazA8AH","5098229740"
"Eokjmep4Kv7wWHBcYnmWC9rZNy1wFkhXbRtpobnzjyQd","251"
"3yLCW3PamHtEPv9gfNaBF4J4yvqb6ZqiWJDCVfys63RB","4208974823"
"4c1YfBJ5eJ7EKBRdR6pLL447pGc2T8oXxVGh1FB7cw3N","22058323"
"6rK49AE1GG7vJ5cX8Q7EzQ3Ptxrt9C3BQLatuCNuYsQN","21261062"
"BQYotRRQGoLRmaRht2z5TXFJMZ2wMX9fvDWxuYEHeobD","260530529"
"3cMkogR1DuuXqfn38nEtcgBmqe4KxLXrNbyEaHxzk9GE","29202440073"
"AeNdp4L6RXgeFHvTu8eSTgvv317JS1MqRmyoxFFctvws","9635796721"
"HPtKGdgdx4crcJJx2WTtLioNp4EcnRhJY66W3xa2EbCp","20"
"4yQeNeDgksfpV4XKD1cDtXuXiLyYbcVe8T3Ytx7C4apd","118380661"
"N8h8BupF6pQUVQHp3YXxn2z7GXnVyREkrEkgs7dTm5u","260463741"
"G1N7agkSbSEuNtW9YRwrySUMmtR5JFUUmQu31G4j4nTj","39537349"
"F21nsuNL3wrgtMTd5XpyWLSrx8wt8o6XJknSacLz59dn","250912965"
"36qPBUsN5aid41Pri6pRCFtoXiCQGdrDqcbxgUGu6DEw","34711302"
"5VZc1ArZea9uvQ4uBCA38VhaLHsoVNZsr1RpXrjKzddX","366029582"
"GUxLa3cdWSHsZ9fgXRbpVv6R1mJ1e9UtVbd3BNK3WzMT","379631"
"AEdYbhhbZNHstHoi3DLgUayxgqCz38v167XXRLRMPMQG","260436304"
"6ssZzNjPSEpdSUwb5J6ytyLypLAcYC3LSocTDrMeP8NG","3854141242"
"ELWsqWSkuvPhjgiiQZ8hFqV34tNJcQ2h9X2VANkPHc3s","6933668535"
"3idANfA6b4GqHENMkKHcDcfU6JaHPh5XiyD6hHR6UmbG","1259576123"
"4okvLTaz8aYQpJ1KzuH7P875fKyWEGJ1qkSM7jT83xS4","260531430"
"47PFF4G5ZqGfBwYRUwArjs7vY31jjDhYhstDKyAtpTMr","20251376"
"F5iRAJeZeUYWpYMC5Rf48RG6896m77Xam6DdrQFAmcop","166212363"
"5Ru8QeeGvmizWQbJyiheqkMyTF2fN6ryzBGzkFhDAAE3","260438441"
"7TiSXELud8yVRmMm5y7wu19qsLWCfzoDr9XrS72b42ji","35873912"
"3pnhyCco5WXChQpkyT5dcDkdi9d7m1igNTznbpru6ehj","189409164"
"Eezv4BNBuec6FMBnteXBdwqDrF8tcXu8Z36R1npoUmTs","17966944"
"EVfUfs9XNwJmfNvoazDbZVb6ecnGCxgQrJzsCQHoQ4q7","2552236"
"7YszvJpipuynKouoqCZHDD8vLsaXAaJ8RAiszmTuP8QW","245592880"
"8atgsv9MPXt5ADpowqX5SG1CN4gHQQvKK6hZvoxxbSgv","16007825906"
"7XEPcvgTwivN6jPGxSqJjyqF4TmPcJQH5KmHnhWxo1ub","3457831988"
"3nZz4kWvBqVpJ9XKdZ1i6GHHWRonukBBpP1xEh9FAzza","8864930665"
"9ZekbBw4dByYav5eLqPCUQ3LxuUkZb8ZtAVCQhqboJRc","7335065649"
"9cKdQ4F2aXnEyEfurbHzLh7dJWSjyQVZTPeMWZNmpFtG","19351918332"
"CNRp7LB43fh1w4Nqd3iLNNyKDuvYSvuvaTDbET85mi4N","1368056965"
"56nSY5irB2E5Boheqsfbn48J7QxKG4cerL7qTtyX8iqN","260461227"
"GAcx3qFTnRiPzccR2cJqVBtuukXhwPD1N8ciK7csDuJY","250912965"
"A91CMjdywvoMa6AydZ9utzuGff528BKhEUd4vavNFQhS","58"
"6WztmviQJok5ZDPgoa9XSUHehbiwNidepSQQgcTjNeF2","435926"
"5eL6rUhyReC3mcsmTfqMqLcemU73vRnGzAdtf8N45dkj","365696"
"7BYMnACyWzmaYtEn1qAw5UAQ1AGQzTY32SfaCFsnsHER","3971497529"
"E6dRMnaQqtUbQKCgdzQtqcFkES84B9LBnHpj1iGQ1z9w","97878553327"
"Uobc5r3DZk2h5RK22efzWK47wsPpR2meLU736eKpACX","250912965"
"Ai5T7eoWdPEiUv2nJ29NAmpbCxXXGBNibcbtmfkmDQEK","260437438"
"9CQZk2yLmQbjW7JpNxzYaGiwEn1fa7xwrV5eCVGhhiF9","7900878"
"9Ra8SoHFwc6Xx6hsU7C1zDi8uK2TMkAnq8fhx9MpDztE","260462810"
"7uHrizbc1FL41AVKfToctioDVsGwzbxZ6RRS1SnZ5hti","260308985"
"Eu8oXLDNCWw45FQryTGN6XFueQ42nqP3jViC6tYuY9Bq","72523662"
"DPE5XpxV129MESRvzf6hMKTuvepjLtRRKS8Uh3UHaBR4","18286105"
"9NbgAMkc42ess2EuTmxXjF5jLrLnnWAjDd2fm9H55s5R","32755995"
"AtfS5NoadsLWHEys6nAdcjHDUziGzH5ys9XRFwZbThve","71236399"
"6RhVWvrVDrj6wUysBVDnZpAFuqQ8yh1EEfxC1Cth7m1c","20820740"
"6BKx3c5miBy4Yw6uDkxHdLxDCYNXeC1Xfo9vXAUowBSY","86764808"
"ECa97M7H3F5wBNCVeyZduUvAuSpxSxHNnBBcGs9xsckJ","2579625843"
"DEByvG1Fqhety9tRwmghHSibwxti2mqr8NCuFwiWSThj","11098240502"
"2G4pU9DtVHtqxHJRB18NmHurWdPJhhswUvY3As71S7iF","260437546"
"CXVXCqDqm1i2h3UVnhNRyfhcFdYhUJfecgKPY3baMJMY","17239728"
"3VzGG8VHMj6PxQA3pSWRbw67x85ynVGqEpg7ijuKTqNu","9950967"
"Dv6S77AnMPqr442cKXkMk1mHf2EneJSAzr2SCYdnesSn","102127"
"EkQAvYa4Ek97Zb3LdtLBTcNeMEwf9yZbTGzjPjQnrVJ4","71994581058"
"BVBXqH8e6U2PBRoRLGQbqU26KqSgjVGCn27YZm5iVyRH","12546"
"88SJgayXdDCp1yDssKKPCyBKvNqrUApZuxKww35KzDzQ","596493"
"CQr82aSLbCvgLg6Zxo3yS1aEWKQ66pV3raCoDJhA6M9L","35661964"
"8eJUrzZnVgcrQVwYr48e9JqHZX6TRbE8WY4nzhBEmbW9","20000939976"
"9PmPXQBAwUg3RmWPxYTmfCotuwFuLJCkFAjapopFzutt","176841"
"7gXLiu9mTPSRQDB2VHcVTp1dRu1EyV3CCpKy9XYeySgB","284113731"
"DgGEopKtuGXAeqKNtqGx4LjMxYNp2cHDs2dc7JZArWRv","2054277"
"8TB6TY6FZsCWueediXs3FTqVGEfXKn1xE5PtSQV5DErH","260462173"
"Dwx5eocmZkkWYjwXbgL5W4Z1JkgGr6ucdaZiwCBaXov8","1622765"
"2kWHvHcaamv6bVJKbWyn2PTychSA9NZ2fjnSE9voMWQU","260512995"
"33m7bz519aFnsGgyeahnxpTXnihAagkQYo7ZsZSiYpPD","716150783"
"D89JgJPGaKhqpbgrTMZFHzWLSjggyDMmqqEACGdQzS8q","818730582"
"G5yxATbWQb8gkxW9MGN13GaEFG1qKaQZYcBDYizau1RM","1572976"
"2crBxS4vmm5oUnz5s66h7fiTJLfP8wW5cHgoczYTAhqe","451307"
"DM99UjfLxCRSbabeuNQ9GYwj8KuPzBLfh3YkmWd65pPg","90782268"
"C3aG1bUmrE3ypWpLZ2weC3wKiS7zzEgo1KbLdwyXSxa5","250913"
"BxrbbSaUG4wVN8azDYQU1GkA6cwk6BqzrbwB6wRmegMK","8177988873"
"DcUVseXbW8Xp7cF8YLXhXke3rNWCtBzC2w5xFFLbsmjM","4128238"
"Ap1PS4pPjbbSc1bKG6Ujv5AJsq5vEHJPuok4w7kPuc9g","10686449310"
"4jWJfQxRoSfofAZ7iqdRqEZrcZ3WpVx6ct1SZPVEnoMM","25380562376"
"9VjHXiv7rjjsVfVHgpyn6FL3MiAEKqpz2L534siXo2L4","248375873"
"D3SoBJ8CQQJPFJ4rCzErsfpkKCcodGyuL1Qf1YS88xZs","252579283"
"4memjMEHS7TjyjxyxxUTdwjiAnGZL4ncu4kjEJ42Dve3","16348819897"
"rJ2woFgRPzooeSuTRQYqtX4t85HW95b6dMp25TAjaLA","13875"
"GGmjYHRPzoGwpA9mj3YYHarTFVHedKiJFuVjdYUmtmvF","21542529"
"7LguNiwUzQQEWsKo2CUCzif1bQXJCnJAapv1YVtfbtrf","1066"
"6fccNRpeijd67sz7yWydcxtV19FhewwtBGTS3tfUBnyD","260525787"
"9PuUMZvR1iC5U49Rrnm9ksfLF398B5jwvN2oxpjqxRki","32742539"
"DrHMt1mptCSUM2RRbkPvVUovXtSsfQApZCPYZxfg1ogU","15775073653"
"7crVnEZP6AoByUv1ZLcVJKBWzkDus1dZR88spzFSRica","352501708"
"5ddPQNb3UwjT3WxeBKKBvDHwCCEq8iJKT5fzYLyxXCbZ","25212514482"
"GeVvZ2svM2SQvjaU3G9ku3mxDor1dBXRQb7SwZzH7goV","39386147"
"AAVrJG1g4nT3oVsmkw2gZRS2KiSdQFUei3pfVQuNyXg3","32754339"
"56Vn18gpChGrLXH9bwxzxEDLXct2tfXYkW3K79V3fTiH","1315322588"
"Ff91LdzuusCGELVHqxMHE97cvtMVUURpBH1nPJsYxZyT","17263577"
"35ui5RcrNUYeF4XnrRfMgGaiNPFiijnCM12euyZPCzUx","127898430"
"6yH8JnJ6WRfLukv67yHbkfS846nKFxTtCtA5yF2X2o7B","70321874"
"8KaEWX8bb49xWQH4xio4BsDysikx9qfagHLfjJngXvG4","996825"
"A2hbtTG6ZbkJqGunz46S26HNee9G8Dcqe5uNcic472ZS","5446202220"
"EPK88Fqy986URxfwThd71WfNUYuj6wgYuHYojGVdbj8b","372080667"
"KzLqnWpmPyKN5goJ7RxA4Nx4epB96Mg1HV7Fyq7DvJf","24702404"
"16zibLw48h8qurLzwvYkKVUeSsPEbofa2eLHQXfMBUH","12029077534"
"5JVQMBpfX6uv3m3U6kfVrKnRTY2bEEMvPppPMvNcR9Va","175639075"
"GcAVTExpKJWLXvb3VXYt4Ggr7jaaayCSfSHxtbqgvUfL","392613931"
"8pp3DmPiXsAnyKiHWzD397ah91axYaoWqL4CCj2VVmXu","3676088"
"B8n4eCSurXvsEfSxTo72vsfsY3kuei5Ez7U9RWsmas1y","1071262036"
"Ft4NgzRKWFd2wVkCuXHcekTTxBzsDppNA4wCtziA8VGm","6628739"
"G4iaton8DX78yVmiMvroeN8AMYUeEF8cCZFPSxc4cZ6M","32656531"
"2Kf6T7C2Qr91NBNYrqaGbsup4wbMZPYa7C7tecQUGLei","5770448661"
"HRFEyeYtSc8zXj98iPb74pNHVRQ3nkaBtg1Ka1SYCTfR","32738920"
"6bpqtV4tYV1k5fn97oLF55ThiYUQXdGYMyRH8mSvFT6H","3796564"
"Czvo1yZpNGAeLDL3EBf58JjVkMKPsan5Xzfu6VueL5PW","19266036"
"9WpyHHD9et4AFRnvnFc88HnV4pDABpFENo8FXrsN4ezc","70616644"
"AxDBErvCHaxFd5PbnCtrAa7uNxtBdKN6zysCTmYkZCBp","1817844647"
"5Y5kRqxzigftFmns3aYWwLjcRCsRzmcTUetuE3wcTSJn","118119479"
"3yjdtshwkKm9ufVPTMftaHLKJeS4qBzVUjeQ7Jdc3egV","184265"
"8wGPKyTmVnuJeVtJFk7QceDoS2LaMii3QiZTQyZDvVQL","1344505863"
"BQZ6WgQKtMsnDimcapSKgwDxPjKqHDYbuFtpJ3Mpb2jx","4552715"
"BDbjngZrj9vnPngexfvcXVmT1V1zi6UrpMohqhq7ynMY","39632"
"8XePsMd7eYFSkF7MHKbAEY1FxPug9EzmTgJHzyuoyZZq","4578728"
"73j3fPtYNReenQQbDq19T5pNYhV5P2f2GqQQ6r8M89yY","4660982"
"7SaEmo7BGVAYLcWJs5jq7GcvNnnpmR3mTwKxBQRRu4VY","9617478"
"DJTJj9NEpnr3mxZvwmCeLFwfoeDfmFbRyUWQ3CHHfZGx","352709730"
"2jYNupQjr96e682XFYohRtvumVt8Y562dTMoxEwWTn6y","4539294"
"FKN3TLnedAJar5qjrdcyv2kMqF1AGdfUMWwkUDiu2qPg","39214852"
"8ZYkgY8vux63VKDv65gcbqrakM3k1DLBqUYtzoZmX7sd","121891900"
"97YdQ2n6HaMsjF6BLUwKFJ3dTd4izkvLALWNcqS3k7Sb","446960750"
"Aw8XBx3WyBg5PPahJoDbdadjpJyGMgqCf2UNHAxVftLv","13382101"
"Hd6b12UxBocZXKgXPSpGPoMwmgwKReGnSGfTFMurtaCW","12339551"
"9DWre7X23NxLUNXSqq1a65PGCFB3bzjVZxa4J1qPtbmk","65115315"
"5HVAJw4f7HfFiytPGfJvPMQJwPNrrRMrr1sy83TgSErp","4616237"
"2i3UDCwFRYdVGjhqU1vDJTSkeQ6mHxxw7hxTDD6eEnzs","73357232"
"GRf9MpQsc5kdDfNmAFb2w2QDXQBBuvGedtqpvXt7uKrf","10053310"
"2Z9qEThXnJ4isHh4shKg8g5q2RXh6nfhrdWJ5VpLbCxy","15700490"
"DLkaQhtAhetKpX5tdKhRUZ25nsc27LeqgcehpBq3qqTH","4668688"
"24ZQ2f9XZUj8SHjXBMZitekC1wmXCRiEgYpGibUSuBiy","4640567"
"GBaqAfYBFVeMZDXbbtZQrki8qLkRS6UT3ueR5txeSQr8","13404033"
"3mvfUBfpe6PoFc11Tv2HsvLNguk8PSptwwAvp3VqCJPh","9346584"
"7LkusRM3zW3PxmyMEmqtuQ6w2Gm66sLbU2jVmyedPeka","1846137471"
"C2G4SpR9ojpZ7mFi4rqjVmCdvYmhzivF1qYmNKipHMH1","8978469"
"AxFsmqvPdTaF6KoCcrKS52Sh1h1GEWGU2eJobAXCNy3F","4569715"
"2iUXcsCLaQi8TKuY5X5sWJcJQ1b6TRsRhDy7SZGE9scB","4541543"
"3n1BdFEVVSVRjGRDbivm19QR6Sva3EQ55x1Nnuc8ZNAr","26206029"
"2BCF7Z4NWi4R9jQv8pUtx28wg16nWNRz9WxfhYfhTSto","8763516"
"HQqSRTjH6TWQktogE6qXqqFZNe7oXAWA248SZdsoAXWU","4593084"
"BrKqPmHPR9fqzEwsiu6ruh3XogJTQ4VGbcCbAtsD9sTq","15616956"
"AfrhPbLQNYFXxesLxf2rPN8nteA7saQG1fBkQjPcEkcB","13617093"
"4pVy9dcNvptHirR1rDXabRnjPeY5bcDJP2R1i3VuAFjS","4595150"
"HkAVQmHq3Ynrrr6XruX2myzegjXhozTe8XL8LC5gvydh","57093"
"2YPm8S3Yq6kCV72kKWx93yM6uCvi9422ScSD8D2H6zcw","599254473"
"6S96Gs2XH2kV469vAe8qvJY5VWxVnz2SA1zcVZQsNhgc","89258133"
"7nWAx2fUVx26NBvMMd3HkgcvqF3grfonn8x44HCCYqeu","8896598"
"145Cp9UUwGdz1QL4pTevmFyrdJeYYaL4atfBsePZwiLe","308433061"
"7wGh2hiLer7AnF76QhzjhqgMFkdmSyCq6ajKoJ8fJFt2","13397522"
"EZZhR9XUznx8MtUbziT76uSKx9vdGg7Nr5Nv36FojmS3","1900929"
"7hFrszv8PDzmaWw73XhqjQGthy2iMtDNdFmJBYyTsCSa","13548205"
"AgGj1SbMcMbtnqJ7a226hjMp2SpVfA7iqRKXxkcG3akq","4561455"
"7bV7C36GkhMUS2Tv7NmchQQw8822FMvPLUT8UeqX6qLP","4580786"
"EQqjcYPeSfEDX71XRNFcocYcpZFpYwsqrznR3ZAQH8UE","2483785182"
"Z6Q6ASbgphxQSW6f5VLJC6sigxbw2N7cJMi7iDNumAv","13958326"
"H2K319cYVLrmpJpux9zkp5EhSkRu5N1mqjKsHUbDDB7V","72892006"
"m4ASSGJgELXm4iWMJ5YJE8Y8AdF9RkTn5Syqd2zNUCM","8817293"
"22PtX7em29jGviLYgoxEgKFKVZn3Q5AnDATBX5d88p4W","4577143"
"55XZsd4i8e76QQPYveqErh7JHR9BTpt2JLNowCr6e3uY","4587996"
"3L4yzoehLhkduUXpzdLRcEtKACdRHD7mUaugFnuRwqye","4475951"
"CUdXCkwhLTRZJVNATFwQrnFF5Ssfhv3N82ZKqhKb62t8","13456879"
"DFiJp8ekmdnURVZh2zKQsVybmMam329E1MZbabZ3zfPW","171406143"
"3bEWsMNjgDLUS8K1fQgeRLprYB4XtGWPLRuMHmR7DfXu","4471839"
"8aS5WGGEKQZ71uD8zKTLMFHmEbQm7VDHckkcLW1VMAqr","753569912"
"6HYWy5nr6HxbSwtCPZacNTUxHCQvBmstq5ximd2kgzHm","9293897"
"HDwgnfQBEL6qpPowrHDJio5Nmoxye79m8JciQcAyiABM","82210942"
"6wUkqgyMwEpTWNWRr6wwCufs28YiaJdWw738THrHt2UN","13774904"
"dxMg6ACKcNrUhpDqVM6sXz8JfFnP5svcuyB88Fjs29j","2858392895"
"2LZinEBzvPhvkcSEE1yH68UQW5RREtzvWoqBQ1SsocWW","63725487"
"6GLFfubY1A15MorAUokbcQrtw2VtfkrvXw4mKG5qz4zW","8972904"
"5RAh1ipvAw1AkbVhohUmKta3fza7V8vVWXnuxLyoPCM4","13360428"
"BC87bQMTwh3GUfSnSLavSXof5FKnkgegQmvtE3qiC5kG","13192925"
"D2Uf9ieZPGTX7VwBqKo4YESmzC7RGK97D5Xg82F34nzr","4455369"
"9jSUv3mCLzNSFxCWmnkXdxt78WS5MdyuqceP3AohTfeQ","2574"
"7X523wHBQvxcZw9ixHhSYf1fCCCF2dmpFoZ5nzRrQs75","15712116"
"DfKDRnL7CHPLLqCjE8cUGmqLuWbU1oDMzhEVf1xhk9fj","241593456"
"86byfCN23J6xY25q3k4xzSfS3ctDuNuz4V7pSSSanFgG","64338537"
"G4eGJ3E7JMnSD9CbDar97547XiCtJUXjAGKX1eZNzME8","59241230"
"Li3chXvzsKebJV3HhmWw5apJ2uYwGPBAC9XCM2ii8Q9","88550258"
"5P22VxsUo9Z5Pcga8qzSG2H31F83UoCjgR8jb6rWJtLC","5371403"
"8cezuXNNnSQUGr9P8LC5saK1W2j9i8mU7MFmq1DVJEK2","30392"
"B6zsM8ghSEDoFd7q94VGwL83BDFfjyJzQLkQzBxRA41N","9289534"
"2a2jgT25skskUtUB3Mmc5egkboJmAo6JRzdJMWqjnAm6","4635500"
"A38pZnovsMwZdyknCArczXwjkQxXQ6P7E6rkRsfkdG4t","8868619"
"z8q2vMHD7sm4sQCGuFetGEphEozj2AiMLX8qyk71oD9","4528943"
"HunbnHfPS53jeJwaxyyzS75ST3cB1MYdEpCmdVywwdZJ","4571975"
"3rL3tXqoQfKEve5hpoSmNpa5mLk17eQbEUaDoBeXdawn","4549828"
"ACyrxWwNxHp9cg7zkNJpSJDSbKmJh7jWNF8i7PVPtVps","37125732"
"6ey714DWxSJ4tqSwcu6jnu2Bw7HVyegyGa1dFu8pnkaK","383551737"
"8ERCoJC9gaAzbh8eMp9fYva31wCPRp9rncaAU7ztp9BK","9076749"
"5cWLTAmp8bwTtHRf2meJgpPDcrw6DGbSzefYV9Hj3Rh7","8842359"
"4dVmFczTw2ekRtGNecCKGwvn3Krm4LQFz1kE7tfBN7LU","32854275"
"CLM7NT3dMTboEs2SZB7aXkvQgk2Kk8jKdSyPk5km4DTH","4529687"
"Cz5gsVm8YoDEq42EL15cPoLbNEzQtXPVMZtx49Bhi9mP","4504211"
"AtiMwpJfWAyiBDS1MQCS7BLL4LeB9arKFw8Nzjqjpbme","6273"
"B7Fy9qmQTFtyhVAePx4JcU26Aos1XSuvKnGsX7TEaJoH","2118936"
"ALjax2UwtcyJPoZasVgyhrbczPUESje15CMKDrwYx6qw","8530238"
"27tTqhSwT4ZUXRfA2gBM5XCRSyb5CS2Q7cv7w7amdfLA","6226457"
"6wECedWSX8BDJft6JQSFAHbVtzDP2n57A68SuZACo91g","68477157"
"85x6fEmXLvp6rEechHQQnw3obvferAXGv9yFNvJ2Eb8V","276501673"
"HTAezLyWtKuwCnavV4Wu8JAPK84RgozbyeZXrTTcApUn","15661625"
"D6B1n1heKErG22e3XX8M8DbuoMG3c7qmvQJ3NZaDmnen","9385146"
"5dt3Vcb5agGobxHcoxG4fpmXdyFk4izmGC44bV86ZauJ","8817980"
"5Rmai6p2CNUXpaUeBNBwKKJGLqoNBGEWXjBXoVx8H5Um","1"
"GpbmAPo5Hp4gTEyEhP5xhUdX4dk9ysj6WprBHHPHRPtJ","1285862302"
"9urv1Rxf9RjGkphpGRfHWUPLLXaycnSA8Np46BWqBBu6","8931855"
"3hyoaWgMaaSgSytqVxrfnNerpTLxa26pPsLqV5f9epW2","477317637"
"9YroEstXVMFYGPoUqSVQnqYBjp7RqnKHecMcj1L6dMo8","4419593"
"GEf8QwrAPXubPDkmb5UKYYMWsK7uck35UWyAXuxUEPX8","603241"
"BDWK8yfqkkHQY7X566WikJockL8EY5Avb3iGpa4kCEEY","65671628"
"EpJ2rrHEgeBDdNMQ1Csc2M7SDiCuPRSVHnQyxuLGrExJ","126402306"
"LMhVW9gBHEEaQfWTyb3dztK9gr1xxtixFiNhuhP3by2","4615314"
"5oN1qW7834YcEuyjsihHZGnvUNjxKy6BFrMRdDnNPN48","66299415"
"G7RwPhQi52k2KMndF44zyvGmjRCjd31aozjxfRyqmSMs","90405201"
"5mh24HQth4UJjhAY9xS8iKrGcYTPjyqBEY9BpJjhxZTz","4564908"
"EWjkUFgyg4w6H7wf7dsyLaQMsVuivEqAp4cLXoGsWP9u","2330971258"
"7382UfcWn21mKgm3t1dByXMmGzuDPP1qqb9th13zZrAe","83061842"
"AtnmrhxkZqjRCc8nH9FB3CbfzG6sJqvQpR1KQxnQuAVE","4452967"
"zimKLPJYvWMFWsaUcT1KXB5njk6rfN9N2CQ4ZtNaufs","8751152"
"HftfoQpTC1ZxKPDBcPrDKp9mXP5DuHj8jSTw1BE81vQp","7069996"
"FEzsnLNuU4zK31JcyCN24BEPBYLjJu8AaUgJNjNntMjf","4462326"
"9WeY829BCdzrmHAHYyc9RFTetMLgaVYdzeD3BVwi3xQk","636843280"
"oBDCvZrprDrywYFPYmjBTVNm69R4wqn6kfvaXhChELw","17021929"
"EkcPoAZuavd4mHeHSoDTSjnppiQXAa7XSRrXBHGwZvnR","15745967"
"5unTfT2kssBuNvHPY6LbJfJpLqEcdMxGYLWHwShaeTLi","12556197"
"HJfSm2jihhBJFvWvLXxf5aYQLTo89JcNQbdUQPiDZ3Wg","8793043"
"C5u5Bhu4xXxA3WGZR98ZKqrJHQgeuh6Xp2sRTPtz3xtx","8817760"
"3KMHTeBEzXYnEaTo2YxtbSsAzknjHjDdKcSqrSsfL8uB","639992"
"2XZJx51gk93rG9drP6gEYx6U6hHRAN9HUTeYcfF8j6PS","4536707"
"CgY2s61boenEYE5PXYBypBb96Z6aCVdjU95u2d2KuUWU","18086781"
"EpYDXjwTnPBGqCUS6Um4R5yLkbCknLD5c1N3VuSbsmtg","149968662"
"6nrg3B11gzaAPpb61f7ah31LDWXTeDwguD3NbA3f21Nh","4563948"
"2Q5va7WFDhsPn131PpNib7n8SGRzohrSKZhLp7Gfdmaj","4447492"
"DYrSfypWWz7NTKfpu3D9c3TohZUiKeWF8DARp3evkdAM","4533309"
"4ZQYSBtWEwnh9ssogkhUGCrzEGx4AVHGfbncqs9RtLVf","49393724"
"DrioUJP5sxXs2y1LfFZwDQWHBMroyk445EZnk9AC3NQ3","13717186"
"2LNsEzgg8YdKdjaswWqwfevq2qgULmL7hbXUbtvJczhP","4538019"
"3hQ1kGF7cG5GYZKQppjhPtcoQ9Fpem5ifvUZq3QV7XET","4535659"
"5Ghj46vwoQfKUXfWXJ5kpSoVyZkGm5Qq8rUuhasQSANi","4534190"
"5yd9hEesccQW8pZjd7goqVaw8145TmDQAoCJuHSpkCWN","13738270"
"Hh9GH1bobdxgW7aQwwZ5kypXasuY9SRX7p6UdaPtaa36","4575213"
"GiHhaydmi5fBZg4GSQmTeBGvwUGb2Ve8w2MdVthkESQa","91587665"
"GjT6gaBZZDB8ammQJ3pfvzoNZ6dUM49vACQZ5aA61wJa","67496569"
"GQRmEf3HNAqffjP4TAhc8v2941TuoAknZVi29dfbNfXP","4640031"
"tSCZsKQV1Youasm8kocymxmgr6r3PG5keUPqisDSU9a","91587668"
"3QDU8UicucTrCGm9ZbsHuhMQMTezcA8psjfhsMVezU9v","4457124"
"ErP5oKim8XKS2q2tMHH1MUJTK8s2TUoGth2LtQu2DhRJ","4481192"
"BJ9fgnAm7GRS66X1jvoo6Sbk1tNmFaF4zghMUq2MR3bV","2771764310"
"A8sU9ihPsNCNKmzsSJcVwAo47CegVMjxQxyQcus9Y8D3","19"
"32dMciPZd7znieqyVJfCAvbAfhHYqWa2s4rs8iQJVdbQ","917828986"
"51kmVwqDXZ3nwiYXzexBmceSqoDWGymYfA8JhYDJvaDZ","4644194"
"Bkykx4p5sTEKUr2Ykbb5ABevL5M3FdSdGeN55VBz9Tt3","9638508"
"18ep6o987Q9tUM6MgsvekgGyRcDRcrjZXKEnqUuwDmP","4664419"
"2CwcpLPsiRZb1NnfxAVLzweWaHPKcaM7knzAbewSqeUe","29870132"
"JE1g7SpRmnFy99EcKoHAQigGnWpQK7cMqRheRGf7x3JT","4498117"
"BNpM7cBi2G3H35HNxbeZEQe4MCe5UicMmagAm1xvwQTo","8806405"
"APPhSJv11TQMsxw25BWboCKcdzaPsQN8scgncyQV6TMz","207003196"
"FX2bhFo9ykqRDCXcgyXjNkL7Y7N8qRKsWoHq5YpQXLiA","213242282"
"8B2Ym7Hv84H2BtTYZEnaAiTdot3BWk9ML2BR9sC3oDT5","1077946"
"6TGQwSzoop9YgxauC7Sob55oRRXCzggDWEDHmmuh56TP","89021997"
"7a2rRVim61M6h8AN7PmSMig9ZovDqtJoEs5A5bRVYGxt","459127970"
"58BNXrLF9uUswPRNfxy5HQ46CNQXLvViDBtcVLeMfMNQ","9289410"
"6Y3uYbdT7C7NaGDhKnsbF2kRzkSqthGcPq6Ka9kAiYAm","26875815"
"8dR9f2yKG3bu9q2gFMwxamLfPzMkzfNT9XMXGVpMv5dn","13657945"
"7kGNfnNz2Wy8Sx8f2LxfgZEKBNgd9gNQQmmLPd6dvsMi","20744229"
"3Ley2YLEM2VeKjygRq9YJGPLD6hKeowUwrogCG2CTNHk","4452304"
"D7imP6DqXjGwbTCRMx7SNC7u6vcJm4hbgpAoDD1Z6mWS","9379063"
"HLsjaU9asW53ZQjYmZQPjD7fxBULGGLT6aHewzpdct83","4489840"
"7nxE59Eo5b3CRf8SerHt38HHh2NtLkyaYtrU8Wg5MfUM","68046629"
"G185uWasRJcNhmqbrcNwUpC58h5bK8xYGjemqC2Qq9Q4","133956360"
"8SoquRBKK5HhCuX9GRNBdpUeA31jpHXy9q4fb4nF7hef","98332271"
"oXvquxrbaK1beKX8GDXc53BJbiEJ3cXfe5tHBHPFaah","15708804"
"7p7ZUroiZ8yhxtE76PkU9KXkCY4CnX4Ew7WD3y4Z58fW","6142"
"7vch3NuQZCtuxPbdkyy22EXSrmew9gpiX3GJ4MspuveB","4460003"
"AxMv3w9GuXxvxchfe65Maftx3HcGfHAd1E1CxGhC36Wm","999709767"
"G458RZLXBUxER8jxCpwHs8t4mrURNTqZMdwEFrG54nnm","13516229"
"39UEQMyZxWaYvyUWpBcUmjkP8vRspn8K8pf7tsWRzZBg","13563636"
"5nSWqnMTzehf63HibuUbV1q95Vi87xjxEiBdJktPucT8","147906829"
"4Vpqequzz39xtkcqRGUdHcEoe5YNSqvsPXpiy1knx6PD","8448109"
"EDRH3BCSVhnyXKYfMk2HnrhyjPMzHcoz97nmwA2CX2XM","4989230"
"CM8XejdEH6RHycJKGxGhnKtscekzpqifeKvcPypSs9Hk","4650392"
"ERdEgZo1YoCAQxNTYLFNMuSrxsfUWdYKWb9MVdLSnBax","13439378"
"7LzdsySyDvzLKxVKjKY1RMnpD4GHWYfFrtEkzmQxKqJZ","13327839"
"EWBF1frPXHdS3YQT2rkFsv9Po2wrn5ezVwN14kStikiL","90304173"
"H7aMKHVRcGtbyjBMCuqB5L3YWhgQxqknzduu5qv29vvR","4588273"
"ApFYgUhtF2nE79GhgPT28aBrXWVrpqUc89QviA7tPhxZ","369256060"
"HaUK8HNqP9QHe7wzeyU1vJhRkYEoBEB4kL7ChbrjjToL","10022180"
"7GJif4Z8cjutZxcV86n5EWsWG9VxNXZ5qNvCNyvVGc1Z","4550860"
"344J29wz2qJUvuddFFbzqdS7iWDV8hAqSm8aXFvNZS1r","4451341"
"A7eB4NG1VTyo4MTNc8UNCDRcHyGLohC9TZ9JtVrAm1Wv","15127163"
"5MZvHD6hq8Acbvnrbq932uEaWbbjdhLZWtJQGQw8pHbc","68132371"
"EAwQoTsXitmvFdNNJXUZnm1GbtDZYbDDwgjn5sLaNcQs","8842709"
"78nDWwNhvPX195cp45roWuwRhLfd4cxwtYd4saWYsRFC","4448460"
"88o37mrHcJ24RjPJSHFuGPYZHjv1Jha9PR6k8LZyXxdd","93909708"
"Be5oBjUUhJ4a3pSzqcpU3gM2z6gDFzFcPMvBYLwLJACq","4564661"
"F7P3etZrrvhYe1acGvH8h5V9X6xXQhLTpc943Nj4Qp42","4468922"
"9D7ZGFPiHsxprsCdi8xWLyS5sb2MgNhn6j1EHsjHFKqd","9616027"
"FMsuAGkBLEj88S83eK3sgiqXfQkKWdwukwYPUbL9L8ET","13324791"
"6xGnKrwh6DwRcKutA9kt71wEAvrNXy9Vi65hYJVWdvZt","98496341"
"6cF9tZCBUNGUbw21Czw3v4XvBv4h2dkDsVo5DknYtgq2","31709834"
"FgwDReeTVUjYhvq4iui2or2KxMxnuDMwaTFw5xvgEDYy","13272448"
"4E7GUsYKYux1wdkfuJqtQfro1g2BPGzykCtmGwJ4t8HV","7541535"
"6Fh4FJW8gymSxBqegNDh7FAhCYFDmv8iatG26ocf1dBb","4609530"
"6u2QVkSKBFu3dr4ZqAm637uS6s4CeHcAspSyUnQiX6Xw","4448162"
"8QdQX5xDLDrMWnc5UNm1kEE2YivfJT8R5ozVrcRuaQUk","4482376"
"5rU7LaAjnQypJW9u5qvjzfhfEm8G1r1kvXX5wR7VdZad","194854885"
"ASYHaWXMMLSnAXjaeVYq3aRBpW59ChPAmwWE6pEgLfKQ","297719100"
